2025-08-03 17:29:08.566845,(25-32)
2025-08-03 17:29:08.624575,(25-32)
2025-08-03 17:29:08.651510,(25-32)
2025-08-03 17:29:08.675459,(25-32)
2025-08-03 17:29:08.712342,(25-32)
2025-08-03 17:29:08.747371,(25-32)
2025-08-03 17:29:08.784370,(25-32)
2025-08-03 17:29:08.840916,(25-32)
2025-08-03 17:29:08.886232,(25-32)
2025-08-03 17:29:08.922012,(25-32)
2025-08-03 17:29:08.962767,(25-32)
2025-08-03 17:29:08.987795,(25-32)
2025-08-03 17:29:09.024811,(25-32)
2025-08-03 17:29:09.058121,(25-32)
2025-08-03 17:29:09.085811,(25-32)
2025-08-03 17:29:09.120311,(25-32)
2025-08-03 17:29:09.154756,(25-32)
2025-08-03 17:29:09.201821,(25-32)
2025-08-03 17:29:09.235691,(25-32)
2025-08-03 17:29:09.269899,(25-32)
2025-08-03 17:29:09.305846,(25-32)
2025-08-03 17:29:09.341235,(25-32)
2025-08-03 17:29:09.371233,(25-32)
2025-08-03 17:29:09.408468,(25-32)
2025-08-03 17:29:09.440988,(25-32)
2025-08-03 17:29:10.104567,(25-32)
2025-08-03 17:29:10.131164,(25-32)
2025-08-03 17:29:10.188573,(25-32)
2025-08-03 17:29:10.217861,(25-32)
2025-08-03 17:29:10.255761,(25-32)
2025-08-03 17:29:10.285746,(25-32)
2025-08-03 17:29:10.319869,(25-32)
2025-08-03 17:29:10.356689,(25-32)
2025-08-03 17:29:10.391310,(25-32)
2025-08-03 17:29:10.425162,(25-32)
2025-08-03 17:29:10.461284,(25-32)
2025-08-03 17:29:10.509688,(25-32)
2025-08-03 17:29:10.541740,(25-32)
2025-08-03 17:29:10.576107,(25-32)
2025-08-03 17:29:10.610889,(25-32)
2025-08-03 17:29:10.645373,(25-32)
2025-08-03 17:29:10.685804,(25-32)
2025-08-03 17:29:10.734161,(25-32)
2025-08-03 17:29:10.770141,(25-32)
2025-08-03 17:29:10.801882,(25-32)
2025-08-03 17:29:10.848880,(25-32)
2025-08-03 17:29:10.880817,(25-32)
2025-08-03 17:29:10.914869,(25-32)
2025-08-03 17:29:10.948998,(25-32)
2025-08-03 17:29:10.982590,(25-32)
2025-08-03 17:29:11.017292,(25-32)
2025-08-03 17:29:11.051930,(25-32)
2025-08-03 17:29:11.085651,(25-32)
2025-08-03 17:29:11.119894,(25-32)
2025-08-03 17:29:11.153644,(25-32)
2025-08-03 17:29:11.187773,(25-32)
2025-08-03 17:29:11.221562,(25-32)
2025-08-03 17:29:11.255671,(25-32)
2025-08-03 17:29:11.289146,(25-32)
2025-08-03 17:29:11.325127,(25-32)
2025-08-03 17:29:11.359825,(25-32)
2025-08-03 17:29:11.393734,(25-32)
2025-08-03 17:29:11.428232,(25-32)
2025-08-03 17:29:12.155535,(25-32)
2025-08-03 17:29:12.183612,(25-32)
2025-08-03 17:29:12.219993,(25-32)
2025-08-03 17:29:12.264455,(25-32)
2025-08-03 17:29:12.294819,(25-32)
2025-08-03 17:29:12.326004,(25-32)
2025-08-03 17:29:12.360447,(25-32)
2025-08-03 17:29:12.396369,(25-32)
2025-08-03 17:29:12.428213,(25-32)
2025-08-03 17:29:12.462701,(25-32)
2025-08-03 17:29:12.499150,(25-32)
2025-08-03 17:29:12.532856,(25-32)
2025-08-03 17:29:12.566598,(25-32)
2025-08-03 17:29:12.600160,(25-32)
2025-08-03 17:29:12.634501,(25-32)
2025-08-03 17:29:12.669419,(25-32)
2025-08-03 17:29:12.703123,(25-32)
2025-08-03 17:29:12.737369,(25-32)
2025-08-03 17:29:12.758657,(25-32)
2025-08-03 17:29:12.783438,(25-32)
2025-08-03 17:29:12.803648,(25-32)
2025-08-03 17:29:12.845885,(25-32)
2025-08-03 17:29:12.867113,(25-32)
2025-08-03 17:29:12.894375,(25-32)
2025-08-03 17:29:12.962555,(25-32)
2025-08-03 17:29:12.989190,(25-32)
2025-08-03 17:29:13.021704,(25-32)
2025-08-03 17:29:13.045220,(25-32)
2025-08-03 17:29:13.069250,(25-32)
2025-08-03 17:29:13.101548,(25-32)
2025-08-03 17:29:13.125547,(25-32)
2025-08-03 17:29:13.149334,(25-32)
2025-08-03 17:29:13.199887,(25-32)
2025-08-03 17:29:13.247431,(25-32)
2025-08-03 17:29:13.282163,(25-32)
2025-08-03 17:29:13.316409,(25-32)
2025-08-03 17:29:13.358538,(25-32)
2025-08-03 17:29:13.393286,(25-32)
2025-08-03 17:29:13.428640,(25-32)
2025-08-03 17:29:13.452087,(25-32)
2025-08-03 17:29:13.472421,(25-32)
2025-08-03 17:29:13.504092,(25-32)
2025-08-03 17:29:13.525600,(25-32)
2025-08-03 17:29:13.549074,(25-32)
2025-08-03 17:29:13.598095,(25-32)
2025-08-03 17:29:13.661600,(25-32)
2025-08-03 17:29:13.687182,(25-32)
2025-08-03 17:29:13.713056,(25-32)
2025-08-03 17:29:13.737293,(25-32)
2025-08-03 17:29:13.771712,(25-32)
2025-08-03 17:29:13.806667,(25-32)
2025-08-03 17:29:13.842755,(25-32)
2025-08-03 17:29:13.873568,(25-32)
2025-08-03 17:29:13.910306,(25-32)
2025-08-03 17:29:13.935918,(25-32)
2025-08-03 17:29:13.971018,(25-32)
2025-08-03 17:29:14.013714,(25-32)
2025-08-03 17:29:14.059268,(25-32)
2025-08-03 17:29:14.091918,(25-32)
2025-08-03 17:29:14.129887,(25-32)
2025-08-03 17:29:14.151717,(25-32)
2025-08-03 17:29:14.187447,(25-32)
2025-08-03 17:29:14.230205,(25-32)
2025-08-03 17:29:14.260983,(25-32)
2025-08-03 17:29:14.300792,(25-32)
2025-08-03 17:29:14.326438,(25-32)
2025-08-03 17:29:14.361561,(25-32)
2025-08-03 17:29:14.391481,(25-32)
2025-08-03 17:29:14.419583,(25-32)
2025-08-03 17:29:14.452514,(25-32)
2025-08-03 17:29:14.488859,(25-32)
2025-08-03 17:29:14.525274,(25-32)
2025-08-03 17:29:14.552799,(25-32)
2025-08-03 17:29:14.597173,(25-32)
2025-08-03 17:29:14.625957,(25-32)
2025-08-03 17:29:14.651947,(25-32)
2025-08-03 17:29:14.677322,(25-32)
2025-08-03 17:29:14.716950,(25-32)
2025-08-03 17:29:14.750953,(25-32)
2025-08-03 17:29:14.784846,(25-32)
2025-08-03 17:29:14.807863,(25-32)
2025-08-03 17:29:14.843448,(25-32)
2025-08-03 17:29:14.870297,(25-32)
2025-08-03 17:29:14.909817,(25-32)
2025-08-03 17:29:14.939197,(25-32)
2025-08-03 17:29:14.966065,(25-32)
2025-08-03 17:29:15.003601,(25-32)
2025-08-03 17:29:15.034505,(25-32)
2025-08-03 17:29:15.068618,(25-32)
2025-08-03 17:29:15.117278,(25-32)
2025-08-03 17:29:15.143643,(25-32)
2025-08-03 17:29:15.167761,(25-32)
2025-08-03 17:29:15.214482,(25-32)
2025-08-03 17:29:15.235375,(25-32)
2025-08-03 17:29:15.261409,(25-32)
2025-08-03 17:29:15.313193,(25-32)
2025-08-03 17:29:15.338392,(25-32)
2025-08-03 17:29:15.361588,(25-32)
2025-08-03 17:29:15.420855,(25-32)
2025-08-03 17:29:15.443839,(25-32)
2025-08-03 17:29:15.470454,(25-32)
2025-08-03 17:29:15.505436,(25-32)
2025-08-03 17:29:15.539089,(25-32)
2025-08-03 17:29:15.573817,(25-32)
2025-08-03 17:29:15.614097,(25-32)
2025-08-03 17:29:15.649021,(25-32)
2025-08-03 17:29:15.682422,(25-32)
2025-08-03 17:29:15.716135,(25-32)
2025-08-03 17:29:15.749751,(25-32)
2025-08-03 17:29:15.783216,(25-32)
2025-08-03 17:29:15.820304,(25-32)
2025-08-03 17:29:15.854435,(25-32)
2025-08-03 17:29:15.889461,(25-32)
2025-08-03 17:29:15.926102,(25-32)
2025-08-03 17:29:15.957168,(25-32)
2025-08-03 17:29:15.992598,(25-32)
2025-08-03 17:29:16.026736,(25-32)
2025-08-03 17:29:16.059872,(25-32)
2025-08-03 17:29:16.096164,(25-32)
2025-08-03 17:29:16.128080,(25-32)
2025-08-03 17:29:16.162699,(25-32)
2025-08-03 17:29:16.198468,(25-32)
2025-08-03 17:29:16.231887,(25-32)
2025-08-03 17:29:16.265034,(25-32)
2025-08-03 17:29:16.300492,(25-32)
2025-08-03 17:29:16.333637,(25-32)
2025-08-03 17:29:16.366397,(25-32)
2025-08-03 17:29:16.401528,(25-32)
2025-08-03 17:29:16.435414,(25-32)
2025-08-03 17:29:16.469306,(25-32)
2025-08-03 17:29:16.503282,(25-32)
2025-08-03 17:29:16.537722,(25-32)
2025-08-03 17:29:16.572583,(25-32)
2025-08-03 19:10:23.982619,(25-32)
2025-08-03 19:10:24.153484,(25-32)
2025-08-03 19:10:24.183095,(25-32)
2025-08-03 19:10:24.216811,(25-32)
2025-08-03 19:10:24.247568,(25-32)
2025-08-03 19:10:24.282556,(25-32)
2025-08-03 19:10:24.316758,(25-32)
2025-08-03 19:10:24.347647,(25-32)
2025-08-03 19:10:24.382048,(25-32)
2025-08-03 19:10:24.413674,(25-32)
2025-08-03 19:10:24.447089,(25-32)
2025-08-03 19:10:24.478415,(25-32)
2025-08-03 19:10:24.514499,(25-32)
2025-08-03 19:10:24.546341,(25-32)
2025-08-03 19:10:24.581693,(25-32)
2025-08-03 19:10:24.611378,(25-32)
2025-08-03 19:10:24.646585,(25-32)
2025-08-03 19:10:24.678677,(25-32)
2025-08-03 19:10:24.710877,(25-32)
2025-08-03 19:10:24.744976,(25-32)
2025-08-03 19:10:24.777260,(15-20)
2025-08-03 19:10:24.812872,(15-20)
2025-08-03 19:10:24.842103,(15-20)
2025-08-03 19:10:24.881611,(15-20)
2025-08-03 19:10:25.055427,(15-20)
2025-08-03 19:10:25.141425,(25-32)
2025-08-03 19:10:25.209054,(25-32)
2025-08-03 19:10:25.347810,(25-32)
2025-08-03 19:10:25.439893,(25-32)
2025-08-03 19:10:25.507438,(25-32)
2025-08-03 19:10:25.584315,(15-20)
2025-08-03 19:10:25.645877,(25-32)
2025-08-03 19:10:25.724265,(25-32)
2025-08-03 19:10:25.759440,(25-32)
2025-08-03 19:10:25.794818,(25-32)
2025-08-03 19:10:25.829211,(25-32)
2025-08-03 19:10:25.862946,(25-32)
2025-08-03 19:10:25.907543,(25-32)
2025-08-03 19:10:25.974578,(25-32)
2025-08-03 19:10:26.009778,(25-32)
2025-08-03 19:10:26.042261,(25-32)
2025-08-03 19:10:26.077098,(25-32)
2025-08-03 19:10:26.116713,(25-32)
2025-08-03 19:10:26.149953,(25-32)
2025-08-03 19:10:26.182147,(25-32)
2025-08-03 19:10:26.222098,(25-32)
2025-08-03 19:10:26.254774,(25-32)
2025-08-03 19:10:26.285477,(25-32)
2025-08-03 19:10:26.323604,(25-32)
2025-08-03 19:10:26.368106,(25-32)
2025-08-03 19:10:26.403441,(25-32)
2025-08-03 19:10:26.432009,(25-32)
2025-08-03 19:10:26.465822,(25-32)
2025-08-03 19:10:26.503768,(25-32)
2025-08-03 19:10:26.535060,(25-32)
2025-08-03 19:10:26.574085,(25-32)
2025-08-03 19:10:26.605932,(25-32)
2025-08-03 19:10:26.636860,(25-32)
2025-08-03 19:10:26.673168,(15-20)
2025-08-03 19:10:26.709510,(25-32)
2025-08-03 19:10:26.735721,(25-32)
2025-08-03 19:10:26.775722,(25-32)
2025-08-03 19:10:26.810453,(15-20)
2025-08-03 19:10:26.845100,(15-20)
2025-08-03 19:10:26.878171,(25-32)
2025-08-03 19:10:26.910850,(15-20)
2025-08-03 19:10:26.944917,(15-20)
2025-08-03 19:10:26.979235,(15-20)
2025-08-03 19:10:27.012447,(25-32)
2025-08-03 19:10:27.049141,(25-32)
2025-08-03 19:10:27.080978,(15-20)
2025-08-03 19:10:27.112830,(15-20)
2025-08-03 19:10:27.151184,(15-20)
2025-08-03 19:10:27.182295,(15-20)
2025-08-03 19:10:27.217713,(15-20)
2025-08-03 19:10:27.250222,(15-20)
2025-08-03 19:10:27.287042,(15-20)
2025-08-03 19:10:27.321055,(15-20)
2025-08-03 19:10:27.354351,(15-20)
2025-08-03 19:10:27.389110,(15-20)
2025-08-03 19:10:27.424286,(15-20)
2025-08-03 19:10:27.452789,(15-20)
2025-08-03 19:10:27.486774,(15-20)
2025-08-03 19:10:27.522172,(15-20)
2025-08-03 19:10:27.558482,(15-20)
2025-08-03 19:10:27.592739,(15-20)
2025-08-03 19:10:27.619493,(15-20)
2025-08-03 19:10:27.657106,(15-20)
2025-08-03 19:10:27.692614,(15-20)
2025-08-03 19:10:27.726516,(15-20)
2025-08-03 19:10:27.759596,(15-20)
2025-08-03 19:10:27.796784,(15-20)
2025-08-03 19:10:27.825923,(15-20)
2025-08-03 19:10:27.862594,(15-20)
2025-08-03 19:10:27.901265,(15-20)
2025-08-03 19:10:27.936501,(15-20)
2025-08-03 19:10:27.973106,(15-20)
2025-08-03 19:10:28.021867,(25-32)
2025-08-03 19:10:28.068328,(15-20)
2025-08-03 19:10:28.105284,(15-20)
2025-08-03 19:10:28.140253,(25-32)
2025-08-03 19:10:28.180767,(15-20)
2025-08-03 19:10:28.215551,(15-20)
2025-08-03 19:10:28.250263,(15-20)
2025-08-03 19:10:28.285012,(15-20)
2025-08-03 19:10:28.319483,(15-20)
2025-08-03 19:10:28.354590,(15-20)
2025-08-03 19:10:28.388269,(15-20)
2025-08-03 19:10:28.422050,(15-20)
2025-08-03 19:10:28.455148,(15-20)
2025-08-03 19:10:28.492947,(15-20)
2025-08-03 19:10:28.523558,(15-20)
2025-08-03 19:10:28.558833,(15-20)
2025-08-03 19:10:28.593176,(15-20)
2025-08-03 19:10:28.628300,(15-20)
2025-08-03 19:10:28.665500,(15-20)
2025-08-03 19:10:28.700125,(15-20)
2025-08-03 19:10:28.734300,(25-32)
2025-08-03 19:10:28.767504,(15-20)
2025-08-03 19:10:28.796075,(15-20)
2025-08-03 19:10:28.833593,(25-32)
2025-08-03 19:10:28.866745,(15-20)
2025-08-03 19:10:28.901959,(25-32)
2025-08-03 19:10:28.935118,(25-32)
2025-08-03 19:10:28.973242,(25-32)
2025-08-03 19:10:29.017552,(25-32)
2025-08-03 19:10:29.049785,(25-32)
2025-08-03 19:10:29.086404,(25-32)
2025-08-03 19:10:29.121733,(25-32)
2025-08-03 19:10:29.154629,(25-32)
2025-08-03 19:10:29.182840,(25-32)
2025-08-03 19:10:29.229416,(25-32)
2025-08-03 19:10:29.272920,(25-32)
2025-08-03 19:10:29.308136,(25-32)
2025-08-03 19:10:29.341601,(25-32)
2025-08-03 19:10:29.391490,(25-32)
2025-08-03 19:10:29.438039,(25-32)
2025-08-03 19:10:29.485309,(25-32)
2025-08-03 19:10:29.536902,(25-32)
2025-08-03 19:10:29.586168,(25-32)
2025-08-03 19:10:29.633416,(25-32)
2025-08-03 19:10:29.667187,(25-32)
2025-08-03 19:10:29.699428,(25-32)
2025-08-03 19:10:29.732398,(25-32)
2025-08-03 19:10:29.765267,(25-32)
2025-08-03 19:10:29.803186,(25-32)
2025-08-03 19:10:29.836930,(25-32)
2025-08-03 19:10:29.883662,(25-32)
2025-08-03 19:10:29.928191,(25-32)
2025-08-03 19:10:29.962031,(25-32)
2025-08-03 19:10:29.998129,(25-32)
2025-08-03 19:10:30.040211,(25-32)
2025-08-03 19:10:30.072399,(25-32)
2025-08-03 19:10:30.106351,(25-32)
2025-08-03 19:10:30.143857,(25-32)
2025-08-03 19:10:30.171918,(25-32)
2025-08-03 19:10:30.212513,(25-32)
2025-08-03 19:10:30.251011,(25-32)
2025-08-03 19:10:30.297585,(25-32)
2025-08-03 19:10:30.327376,(25-32)
2025-08-03 19:10:30.368560,(25-32)
2025-08-03 19:10:30.416166,(25-32)
2025-08-03 19:10:30.446069,(25-32)
2025-08-03 19:10:30.479854,(25-32)
2025-08-03 19:10:30.517509,(25-32)
2025-08-03 19:10:30.550722,(25-32)
2025-08-03 19:10:30.582263,(25-32)
2025-08-03 19:10:30.619834,(25-32)
2025-08-03 19:10:30.656248,(25-32)
2025-08-03 19:10:30.702899,(25-32)
2025-08-03 19:10:30.736235,(25-32)
2025-08-03 19:10:30.771179,(25-32)
2025-08-03 19:10:30.798900,(25-32)
2025-08-03 19:10:30.841348,(25-32)
2025-08-03 19:10:30.947063,(25-32)
2025-08-03 19:10:30.995370,(25-32)
2025-08-03 19:10:31.060709,(4-6)
2025-08-03 19:10:31.105465,(4-6)
2025-08-03 19:10:31.136322,(4-6)
2025-08-03 19:10:31.173226,(4-6)
2025-08-03 19:10:31.206999,(4-6)
2025-08-03 19:10:31.236782,(4-6)
2025-08-03 19:10:31.272673,(4-6)
2025-08-03 19:10:31.311971,(4-6)
2025-08-03 19:10:31.344374,(4-6)
2025-08-03 19:10:31.375628,(4-6)
2025-08-03 19:10:31.410798,(4-6)
2025-08-03 19:10:31.461240,(4-6)
2025-08-03 19:10:31.496789,(4-6)
2025-08-03 19:10:31.532270,(4-6)
2025-08-03 19:10:31.564573,(4-6)
2025-08-03 19:10:31.590284,(4-6)
2025-08-03 19:10:31.626053,(4-6)
2025-08-03 19:10:31.662903,(4-6)
2025-08-03 19:10:31.694910,(4-6)
2025-08-03 19:10:31.729283,(4-6)
2025-08-03 19:10:31.768472,(4-6)
2025-08-03 19:10:31.803441,(4-6)
2025-08-03 19:10:31.844874,(4-6)
2025-08-03 19:10:31.950419,(4-6)
2025-08-03 19:10:31.988125,(4-6)
2025-08-03 19:10:32.002085,(25-32)
2025-08-03 19:10:32.043716,(4-6)
2025-08-03 19:10:32.054098,(25-32)
2025-08-03 19:10:32.094823,(4-6)
2025-08-03 19:10:32.100115,(25-32)
2025-08-03 19:10:32.141670,(25-32)
2025-08-03 19:10:32.176074,(25-32)
2025-08-03 19:10:32.186648,(4-6)
2025-08-03 19:10:32.221134,(25-32)
2025-08-03 19:10:32.230616,(4-6)
2025-08-03 19:10:32.276225,(25-32)
2025-08-03 19:10:32.307903,(25-32)
2025-08-03 19:10:32.345177,(8-12)
2025-08-03 19:10:32.356796,(4-6)
2025-08-03 19:10:32.389176,(8-12)
2025-08-03 19:10:32.455520,(8-12)
2025-08-03 19:10:32.487755,(8-12)
2025-08-03 19:10:32.521472,(8-12)
2025-08-03 19:10:32.558952,(8-12)
2025-08-03 19:10:32.589694,(8-12)
2025-08-03 19:10:32.625460,(8-12)
2025-08-03 19:10:32.662250,(8-12)
2025-08-03 19:10:32.719448,(8-12)
2025-08-03 19:10:32.750116,(8-12)
2025-08-03 19:10:32.782015,(8-12)
2025-08-03 19:10:32.819381,(8-12)
2025-08-03 19:10:32.859389,(8-12)
2025-08-03 19:10:32.890432,(8-12)
2025-08-03 19:10:32.927941,(8-12)
2025-08-03 19:10:32.960535,(8-12)
2025-08-03 19:10:32.994299,(8-12)
2025-08-03 19:10:33.027678,(8-12)
2025-08-03 19:10:33.061681,(8-12)
2025-08-03 19:10:33.099132,(25-32)
2025-08-03 19:10:33.129170,(25-32)
2025-08-03 19:10:33.168133,(25-32)
2025-08-03 19:10:33.203393,(25-32)
2025-08-03 19:10:33.215766,(4-6)
2025-08-03 19:10:33.248985,(25-32)
2025-08-03 19:10:33.283169,(25-32)
2025-08-03 19:10:33.315594,(25-32)
2025-08-03 19:10:33.351355,(25-32)
2025-08-03 19:10:33.382818,(25-32)
2025-08-03 19:10:33.421084,(25-32)
2025-08-03 19:10:33.456904,(25-32)
2025-08-03 19:10:33.482367,(25-32)
2025-08-03 19:10:33.518990,(25-32)
2025-08-03 19:10:33.551285,(25-32)
2025-08-03 19:10:33.589135,(25-32)
2025-08-03 19:10:33.622311,(25-32)
2025-08-03 19:10:33.661934,(25-32)
2025-08-03 19:10:33.706361,(25-32)
2025-08-03 19:10:33.751934,(25-32)
2025-08-03 19:10:33.796962,(25-32)
2025-08-03 19:10:33.829791,(25-32)
2025-08-03 19:10:33.872610,(25-32)
2025-08-03 19:10:33.920780,(25-32)
2025-08-03 19:10:33.950916,(25-32)
2025-08-03 19:10:33.988415,(25-32)
2025-08-03 19:10:34.020227,(25-32)
2025-08-03 19:10:34.046971,(25-32)
2025-08-03 19:10:34.081314,(25-32)
2025-08-03 19:10:34.117261,(25-32)
2025-08-03 19:10:34.148951,(25-32)
2025-08-03 19:10:34.184626,(25-32)
2025-08-03 19:10:34.217478,(25-32)
2025-08-03 19:10:34.250706,(25-32)
2025-08-03 19:10:34.286472,(25-32)
2025-08-03 19:10:34.321504,(15-20)
2025-08-03 19:10:34.355999,(15-20)
2025-08-03 19:10:34.388363,(15-20)
2025-08-03 19:10:34.425066,(15-20)
2025-08-03 19:10:34.457702,(15-20)
2025-08-03 19:10:34.488315,(15-20)
2025-08-03 19:10:34.527723,(15-20)
2025-08-03 19:10:34.565675,(15-20)
2025-08-03 19:10:34.595252,(15-20)
2025-08-03 19:10:34.632768,(15-20)
2025-08-03 19:10:34.664318,(15-20)
2025-08-03 19:10:34.701170,(15-20)
2025-08-03 19:10:34.731591,(15-20)
2025-08-03 19:10:34.773162,(15-20)
2025-08-03 19:10:34.803588,(15-20)
2025-08-03 19:10:34.836338,(15-20)
2025-08-03 19:10:34.871783,(15-20)
2025-08-03 19:10:34.902120,(25-32)
2025-08-03 19:10:34.941024,(25-32)
2025-08-03 19:10:34.979201,(25-32)
2025-08-03 19:10:35.010025,(15-20)
2025-08-03 19:10:35.046133,(25-32)
2025-08-03 19:10:35.082826,(25-32)
2025-08-03 19:10:35.112235,(25-32)
2025-08-03 19:10:35.147632,(25-32)
2025-08-03 19:10:35.186950,(15-20)
2025-08-03 19:10:35.217478,(25-32)
2025-08-03 19:10:35.249642,(25-32)
2025-08-03 19:10:35.286592,(25-32)
2025-08-03 19:10:35.325813,(25-32)
2025-08-03 19:10:35.368731,(25-32)
2025-08-03 19:10:35.423179,(15-20)
2025-08-03 19:10:35.471260,(25-32)
2025-08-03 19:10:35.519388,(25-32)
2025-08-03 19:10:35.570825,(25-32)
2025-08-03 19:10:35.618706,(25-32)
2025-08-03 19:10:35.652901,(25-32)
2025-08-03 19:10:35.685880,(25-32)
2025-08-03 19:10:35.713816,(25-32)
2025-08-03 19:10:35.753507,(25-32)
2025-08-03 19:10:35.789767,(25-32)
2025-08-03 19:10:35.822516,(25-32)
2025-08-03 19:10:35.856842,(25-32)
2025-08-03 19:10:35.892200,(25-32)
2025-08-03 19:10:35.922759,(25-32)
2025-08-03 19:10:35.955883,(25-32)
2025-08-03 19:10:35.990206,(15-20)
2025-08-03 19:10:36.025463,(15-20)
2025-08-03 19:10:36.062157,(15-20)
2025-08-03 19:10:36.094749,(25-32)
2025-08-03 19:10:36.132739,(25-32)
2025-08-03 19:10:36.159887,(25-32)
2025-08-03 19:10:36.198913,(25-32)
2025-08-03 19:10:36.226435,(25-32)
2025-08-03 19:10:36.261647,(25-32)
2025-08-03 19:10:36.301273,(15-20)
2025-08-03 19:10:36.333450,(25-32)
2025-08-03 19:10:36.365660,(25-32)
2025-08-03 19:10:36.400837,(25-32)
2025-08-03 19:10:36.439560,(15-20)
2025-08-03 19:10:36.467904,(15-20)
2025-08-03 19:10:36.501963,(15-20)
2025-08-03 19:10:36.537350,(15-20)
2025-08-03 19:10:36.574873,(25-32)
2025-08-03 19:10:36.620912,(25-32)
2025-08-03 19:10:36.670277,(15-20)
2025-08-03 19:10:36.720562,(15-20)
2025-08-03 19:10:36.769039,(25-32)
2025-08-03 19:10:36.797815,(15-20)
2025-08-03 19:10:36.841509,(15-20)
2025-08-03 19:10:36.890124,(25-32)
2025-08-03 19:10:36.937535,(15-20)
2025-08-03 19:10:36.971892,(15-20)
2025-08-03 19:10:37.001073,(25-32)
2025-08-03 19:10:37.043773,(15-20)
2025-08-03 19:10:37.089444,(15-20)
2025-08-03 19:10:37.128007,(25-32)
2025-08-03 19:10:37.165893,(25-32)
2025-08-03 19:10:37.198314,(25-32)
2025-08-03 19:10:37.235452,(25-32)
2025-08-03 19:10:37.283082,(15-20)
2025-08-03 19:10:37.312959,(15-20)
2025-08-03 19:10:37.349215,(25-32)
2025-08-03 19:10:37.384452,(15-20)
2025-08-03 19:10:37.416096,(15-20)
2025-08-03 19:10:37.451181,(15-20)
2025-08-03 19:10:37.583148,(25-32)
2025-08-03 19:10:37.632326,(15-20)
2025-08-03 19:10:37.680907,(15-20)
2025-08-03 19:10:37.713165,(15-20)
2025-08-03 19:10:37.773479,(8-12)
2025-08-03 19:10:37.815726,(8-12)
2025-08-03 19:10:37.851118,(25-32)
2025-08-03 19:10:37.889184,(25-32)
2025-08-03 19:10:37.916081,(25-32)
2025-08-03 19:10:37.953184,(25-32)
2025-08-03 19:10:37.985878,(25-32)
2025-08-03 19:10:38.016276,(25-32)
2025-08-03 19:10:38.055162,(25-32)
2025-08-03 19:10:38.089709,(25-32)
2025-08-03 19:10:38.123047,(25-32)
2025-08-03 19:10:38.158189,(25-32)
2025-08-03 19:10:38.188350,(25-32)
2025-08-03 19:10:38.222939,(25-32)
2025-08-03 19:10:38.255957,(25-32)
2025-08-03 19:10:38.289975,(25-32)
2025-08-03 19:10:38.323554,(25-32)
2025-08-03 19:10:38.360874,(25-32)
2025-08-03 19:10:38.391179,(25-32)
2025-08-03 19:10:38.586297,(25-32)
2025-08-03 19:10:38.625174,(25-32)
2025-08-03 19:10:38.667937,(25-32)
2025-08-03 19:10:38.699101,(25-32)
2025-08-03 19:10:38.734600,(25-32)
2025-08-03 19:10:38.888592,(25-32)
2025-08-03 19:10:38.922925,(25-32)
2025-08-03 19:10:39.039697,(8-12)
2025-08-03 19:10:39.086903,(8-12)
2025-08-03 19:10:39.138649,(25-32)
2025-08-03 19:10:39.167199,(25-32)
2025-08-03 19:10:39.206201,(25-32)
2025-08-03 19:10:39.236391,(25-32)
2025-08-03 19:10:39.270972,(25-32)
2025-08-03 19:10:39.310641,(25-32)
2025-08-03 19:10:39.356216,(25-32)
2025-08-03 19:10:39.391873,(0-2)
2025-08-03 19:10:39.424785,(0-2)
2025-08-03 19:10:39.459302,(25-32)
2025-08-03 19:10:39.493644,(0-2)
2025-08-03 19:10:39.523729,(0-2)
2025-08-03 19:10:39.565321,(0-2)
2025-08-03 19:10:39.595753,(0-2)
2025-08-03 19:10:39.643861,(0-2)
2025-08-03 19:10:39.686822,(25-32)
2025-08-03 19:10:39.729023,(25-32)
2025-08-03 19:10:39.765824,(25-32)
2025-08-03 19:10:39.800852,(25-32)
2025-08-03 19:10:39.828189,(25-32)
2025-08-03 19:10:39.863888,(25-32)
2025-08-03 19:10:39.903151,(25-32)
2025-08-03 19:10:39.937153,(25-32)
2025-08-03 19:10:39.973596,(25-32)
2025-08-03 19:10:40.009823,(0-2)
2025-08-03 19:10:40.046146,(25-32)
2025-08-03 19:10:40.078246,(25-32)
2025-08-03 19:10:40.111431,(0-2)
2025-08-03 19:10:40.147778,(0-2)
2025-08-03 19:10:40.175402,(0-2)
2025-08-03 19:10:40.209630,(0-2)
2025-08-03 19:10:40.245183,(25-32)
2025-08-03 19:10:40.278567,(25-32)
2025-08-03 19:10:40.316625,(25-32)
2025-08-03 19:10:40.343173,(0-2)
2025-08-03 19:10:40.374567,(0-2)
2025-08-03 19:10:40.410084,(25-32)
2025-08-03 19:10:40.444688,(0-2)
2025-08-03 19:10:40.479743,(0-2)
2025-08-03 19:10:40.511670,(25-32)
2025-08-03 19:10:40.549194,(25-32)
2025-08-03 19:10:40.585199,(25-32)
2025-08-03 19:10:40.614436,(25-32)
2025-08-03 19:10:40.650560,(25-32)
2025-08-03 19:10:40.686923,(25-32)
2025-08-03 19:10:40.716421,(25-32)
2025-08-03 19:10:40.759968,(25-32)
2025-08-03 19:10:40.792973,(25-32)
2025-08-03 19:10:40.832468,(25-32)
2025-08-03 19:10:40.866984,(25-32)
2025-08-03 19:10:40.898371,(25-32)
2025-08-03 19:10:40.937322,(0-2)
2025-08-03 19:10:40.967533,(0-2)
2025-08-03 19:10:41.002871,(0-2)
2025-08-03 19:10:41.033774,(25-32)
2025-08-03 19:10:41.069440,(0-2)
2025-08-03 19:10:41.107484,(0-2)
2025-08-03 19:10:41.139605,(0-2)
2025-08-03 19:10:41.170610,(0-2)
2025-08-03 19:10:41.202770,(0-2)
2025-08-03 19:10:41.239583,(25-32)
2025-08-03 19:10:41.278148,(25-32)
2025-08-03 19:10:41.309258,(25-32)
2025-08-03 19:10:41.342911,(25-32)
2025-08-03 19:10:41.379450,(0-2)
2025-08-03 19:10:41.412081,(0-2)
2025-08-03 19:10:41.446994,(0-2)
2025-08-03 19:10:41.482715,(0-2)
2025-08-03 19:10:41.518289,(25-32)
2025-08-03 19:10:41.551421,(0-2)
2025-08-03 19:10:41.584178,(0-2)
2025-08-03 19:10:41.618707,(0-2)
2025-08-03 19:10:41.651491,(0-2)
2025-08-03 19:10:41.688998,(0-2)
2025-08-03 19:10:41.721742,(0-2)
2025-08-03 19:10:41.755856,(0-2)
2025-08-03 19:10:41.788767,(0-2)
2025-08-03 19:10:41.823833,(0-2)
2025-08-03 19:10:41.854809,(0-2)
2025-08-03 19:10:41.890763,(0-2)
2025-08-03 19:10:41.944758,(0-2)
2025-08-03 19:10:41.978268,(0-2)
2025-08-03 19:10:42.009457,(0-2)
2025-08-03 19:10:42.040071,(0-2)
2025-08-03 19:10:42.122588,(0-2)
2025-08-03 19:10:42.156899,(0-2)
2025-08-03 19:10:42.190125,(0-2)
2025-08-03 19:10:42.243340,(0-2)
2025-08-03 19:10:42.288053,(0-2)
2025-08-03 19:10:42.322295,(0-2)
2025-08-03 19:10:42.356162,(0-2)
2025-08-03 19:10:42.387187,(0-2)
2025-08-03 19:10:42.425457,(0-2)
2025-08-03 19:10:42.456439,(0-2)
2025-08-03 19:10:42.492543,(0-2)
2025-08-03 19:10:42.527060,(0-2)
2025-08-03 19:10:42.562491,(0-2)
2025-08-03 19:10:42.596901,(0-2)
2025-08-03 19:10:42.630010,(0-2)
2025-08-03 19:10:42.660488,(0-2)
2025-08-03 19:10:42.696050,(0-2)
2025-08-03 19:10:42.740988,(0-2)
2025-08-03 19:10:42.806201,(0-2)
2025-08-03 19:10:42.860212,(25-32)
2025-08-03 19:10:42.886025,(25-32)
2025-08-03 19:10:42.922428,(25-32)
2025-08-03 19:10:42.958792,(25-32)
2025-08-03 19:10:42.989261,(25-32)
2025-08-03 19:10:43.022374,(25-32)
2025-08-03 19:10:43.058907,(25-32)
2025-08-03 19:10:43.088070,(25-32)
2025-08-03 19:10:43.125342,(25-32)
2025-08-03 19:10:43.158221,(25-32)
2025-08-03 19:10:43.194216,(25-32)
2025-08-03 19:10:43.228763,(25-32)
2025-08-03 19:10:43.262667,(25-32)
2025-08-03 19:10:43.292164,(25-32)
2025-08-03 19:10:43.330771,(25-32)
2025-08-03 19:10:43.365361,(25-32)
2025-08-03 19:10:43.399648,(4-6)
2025-08-03 19:10:43.434217,(25-32)
2025-08-03 19:10:43.469322,(25-32)
2025-08-03 19:10:43.499645,(25-32)
2025-08-03 19:10:43.537008,(4-6)
2025-08-03 19:10:43.571068,(4-6)
2025-08-03 19:10:43.604494,(4-6)
2025-08-03 19:10:43.633844,(4-6)
2025-08-03 19:10:43.674255,(4-6)
2025-08-03 19:10:43.723343,(4-6)
2025-08-03 19:10:43.757820,(4-6)
2025-08-03 19:10:43.787282,(4-6)
2025-08-03 19:10:43.825469,(4-6)
2025-08-03 19:10:43.855776,(4-6)
2025-08-03 19:10:43.892009,(4-6)
2025-08-03 19:10:43.920964,(4-6)
2025-08-03 19:10:43.958193,(25-32)
2025-08-03 19:10:44.006503,(25-32)
2025-08-03 19:10:44.054086,(4-6)
2025-08-03 19:10:44.101672,(25-32)
2025-08-03 19:10:44.136001,(25-32)
2025-08-03 19:10:44.173762,(25-32)
2025-08-03 19:10:44.215643,(4-6)
2025-08-03 19:10:44.249412,(4-6)
2025-08-03 19:10:44.288386,(25-32)
2025-08-03 19:10:44.318837,(25-32)
2025-08-03 19:10:44.351922,(25-32)
2025-08-03 19:10:44.388456,(25-32)
2025-08-03 19:10:44.416449,(25-32)
2025-08-03 19:10:44.454419,(25-32)
2025-08-03 19:10:44.491308,(25-32)
2025-08-03 19:10:44.530243,(4-6)
2025-08-03 19:10:44.554330,(4-6)
2025-08-03 19:10:44.588640,(4-6)
2025-08-03 19:10:44.626433,(25-32)
2025-08-03 19:10:44.664052,(25-32)
2025-08-03 19:10:44.695989,(25-32)
2025-08-03 19:10:44.731181,(25-32)
2025-08-03 19:10:44.763170,(25-32)
2025-08-03 19:10:44.800912,(25-32)
2025-08-03 19:10:44.833362,(25-32)
2025-08-03 19:10:44.866742,(4-6)
2025-08-03 19:10:44.900258,(4-6)
2025-08-03 19:10:44.933415,(4-6)
2025-08-03 19:10:44.973377,(4-6)
2025-08-03 19:10:45.005252,(4-6)
2025-08-03 19:10:45.041648,(4-6)
2025-08-03 19:10:45.077117,(4-6)
2025-08-03 19:10:45.108793,(4-6)
2025-08-03 19:10:45.140444,(4-6)
2025-08-03 19:10:45.177040,(4-6)
2025-08-03 19:10:45.214147,(4-6)
2025-08-03 19:10:45.245357,(4-6)
2025-08-03 19:10:45.280762,(4-6)
2025-08-03 19:10:45.314932,(4-6)
2025-08-03 19:10:45.349993,(4-6)
2025-08-03 19:10:45.382272,(4-6)
2025-08-03 19:10:45.420011,(4-6)
2025-08-03 19:10:45.453187,(4-6)
2025-08-03 19:10:45.486801,(4-6)
2025-08-03 19:10:45.522261,(4-6)
2025-08-03 19:10:45.554802,(4-6)
2025-08-03 19:10:45.586312,(4-6)
2025-08-03 19:10:45.622179,(4-6)
2025-08-03 19:10:45.657339,(4-6)
2025-08-03 19:10:45.692993,(4-6)
2025-08-03 19:10:45.732542,(4-6)
2025-08-03 19:10:45.762649,(4-6)
2025-08-03 19:10:45.799273,(4-6)
2025-08-03 19:10:45.830335,(4-6)
2025-08-03 19:10:45.857248,(4-6)
2025-08-03 19:10:45.895489,(4-6)
2025-08-03 19:10:45.926961,(4-6)
2025-08-03 19:10:46.026636,(4-6)
2025-08-03 19:10:46.138764,(4-6)
2025-08-03 19:10:46.223954,(4-6)
2025-08-03 19:10:46.327781,(4-6)
2025-08-03 19:10:46.442350,(25-32)
2025-08-03 19:10:46.524246,(25-32)
2025-08-03 19:10:46.606537,(25-32)
2025-08-03 19:10:46.668048,(25-32)
2025-08-03 19:10:46.714222,(25-32)
2025-08-03 19:10:46.769601,(25-32)
2025-08-03 19:10:46.800288,(25-32)
2025-08-03 19:10:46.833736,(25-32)
2025-08-03 19:10:46.866980,(25-32)
2025-08-03 19:10:46.914682,(25-32)
2025-08-03 19:10:46.987153,(25-32)
2025-08-03 19:10:47.032888,(25-32)
2025-08-03 19:10:47.076073,(25-32)
2025-08-03 19:10:47.116372,(0-2)
2025-08-03 19:10:47.153008,(0-2)
2025-08-03 19:10:47.185021,(25-32)
2025-08-03 19:10:47.219972,(25-32)
2025-08-03 19:10:47.248741,(0-2)
2025-08-03 19:10:47.289185,(25-32)
2025-08-03 19:10:47.321201,(25-32)
2025-08-03 19:10:47.356363,(25-32)
2025-08-03 19:10:47.392945,(25-32)
2025-08-03 19:10:47.423074,(25-32)
2025-08-03 19:10:47.459934,(25-32)
2025-08-03 19:10:47.492381,(25-32)
2025-08-03 19:10:47.518071,(0-2)
2025-08-03 19:10:47.553462,(0-2)
2025-08-03 19:10:47.585375,(25-32)
2025-08-03 19:10:47.622192,(25-32)
2025-08-03 19:10:47.653705,(25-32)
2025-08-03 19:10:47.689522,(0-2)
2025-08-03 19:10:47.723945,(0-2)
2025-08-03 19:10:47.757350,(0-2)
2025-08-03 19:10:47.790913,(25-32)
2025-08-03 19:10:47.829172,(0-2)
2025-08-03 19:10:47.861902,(0-2)
2025-08-03 19:10:47.893461,(25-32)
2025-08-03 19:10:47.926629,(25-32)
2025-08-03 19:10:47.975821,(25-32)
2025-08-03 19:10:48.015481,(25-32)
2025-08-03 19:10:48.070525,(0-2)
2025-08-03 19:10:48.102681,(0-2)
2025-08-03 19:10:48.138175,(4-6)
2025-08-03 19:10:48.177525,(0-2)
2025-08-03 19:10:48.216127,(0-2)
2025-08-03 19:10:48.246088,(25-32)
2025-08-03 19:10:48.283532,(25-32)
2025-08-03 19:10:48.319218,(0-2)
2025-08-03 19:10:48.343355,(0-2)
2025-08-03 19:10:48.376547,(0-2)
2025-08-03 19:10:48.411103,(0-2)
2025-08-03 19:10:48.451043,(0-2)
2025-08-03 19:10:48.485379,(0-2)
2025-08-03 19:10:48.521403,(0-2)
2025-08-03 19:10:48.553652,(0-2)
2025-08-03 19:10:48.587624,(0-2)
2025-08-03 19:10:48.621385,(0-2)
2025-08-03 19:10:48.654711,(0-2)
2025-08-03 19:10:48.689641,(0-2)
2025-08-03 19:10:48.727867,(0-2)
2025-08-03 19:10:48.756862,(0-2)
2025-08-03 19:10:48.792373,(0-2)
2025-08-03 19:10:48.826486,(0-2)
2025-08-03 19:10:48.862022,(0-2)
2025-08-03 19:10:48.893819,(0-2)
2025-08-03 19:10:48.923521,(0-2)
2025-08-03 19:10:48.957036,(0-2)
2025-08-03 19:10:48.990937,(0-2)
2025-08-03 19:10:49.026079,(0-2)
2025-08-03 19:10:49.052688,(0-2)
2025-08-03 19:10:49.092662,(0-2)
2025-08-03 19:10:49.129201,(0-2)
2025-08-03 19:10:49.161961,(0-2)
2025-08-03 19:10:49.192084,(0-2)
2025-08-03 19:10:49.226764,(25-32)
2025-08-03 19:10:49.260251,(25-32)
2025-08-03 19:10:49.293694,(25-32)
2025-08-03 19:10:49.322679,(25-32)
2025-08-03 19:10:49.360750,(25-32)
2025-08-03 19:10:49.395807,(25-32)
2025-08-03 19:10:49.427335,(0-2)
2025-08-03 19:10:49.457635,(0-2)
2025-08-03 19:10:49.501850,(0-2)
2025-08-03 19:10:49.534375,(0-2)
2025-08-03 19:10:49.566899,(0-2)
2025-08-03 19:10:49.598658,(0-2)
2025-08-03 19:10:49.631937,(0-2)
2025-08-03 19:10:49.669828,(25-32)
2025-08-03 19:10:49.700749,(25-32)
2025-08-03 19:10:49.733552,(0-2)
2025-08-03 19:10:49.767873,(0-2)
2025-08-03 19:10:49.807192,(0-2)
2025-08-03 19:10:49.836523,(25-32)
2025-08-03 19:10:49.871098,(0-2)
2025-08-03 19:10:49.905094,(0-2)
2025-08-03 19:10:49.942284,(25-32)
2025-08-03 19:10:49.970730,(0-2)
2025-08-03 19:10:50.005341,(0-2)
2025-08-03 19:10:50.040890,(25-32)
2025-08-03 19:10:50.077375,(0-2)
2025-08-03 19:10:50.108972,(0-2)
2025-08-03 19:10:50.144897,(25-32)
2025-08-03 19:10:50.174674,(25-32)
2025-08-03 19:10:50.214093,(25-32)
2025-08-03 19:10:50.246111,(25-32)
2025-08-03 19:10:50.275475,(0-2)
2025-08-03 19:10:50.310614,(0-2)
2025-08-03 19:10:50.348612,(0-2)
2025-08-03 19:10:50.378298,(0-2)
2025-08-03 19:10:50.410491,(25-32)
2025-08-03 19:10:50.449368,(0-2)
2025-08-03 19:10:50.482015,(25-32)
2025-08-03 19:10:50.513199,(25-32)
2025-08-03 19:10:50.553397,(25-32)
2025-08-03 19:10:50.582192,(25-32)
2025-08-03 19:10:50.620994,(25-32)
2025-08-03 19:10:50.653673,(25-32)
2025-08-03 19:10:50.687372,(25-32)
2025-08-03 19:10:50.718615,(25-32)
2025-08-03 19:10:50.755094,(25-32)
2025-08-03 19:10:50.789470,(25-32)
2025-08-03 19:10:50.826406,(25-32)
2025-08-03 19:10:50.863611,(25-32)
2025-08-03 19:10:50.895280,(0-2)
2025-08-03 19:10:50.926884,(0-2)
2025-08-03 19:10:50.959133,(25-32)
2025-08-03 19:10:50.994664,(4-6)
2025-08-03 19:10:51.025934,(4-6)
2025-08-03 19:10:51.066659,(4-6)
2025-08-03 19:10:51.099013,(4-6)
2025-08-03 19:10:51.150283,(0-2)
2025-08-03 19:10:51.195915,(0-2)
2025-08-03 19:10:51.219308,(0-2)
2025-08-03 19:10:51.259450,(0-2)
2025-08-03 19:10:51.291682,(0-2)
2025-08-03 19:10:51.371481,(4-6)
2025-08-03 19:10:51.407781,(4-6)
2025-08-03 19:10:51.453871,(0-2)
2025-08-03 19:10:51.485239,(0-2)
2025-08-03 19:10:51.521095,(25-32)
2025-08-03 19:10:51.554775,(0-2)
2025-08-03 19:10:51.585514,(0-2)
2025-08-03 19:10:51.619493,(0-2)
2025-08-03 19:10:51.659394,(4-6)
2025-08-03 19:10:51.690570,(0-2)
2025-08-03 19:10:51.727068,(0-2)
2025-08-03 19:10:51.761629,(0-2)
2025-08-03 19:10:51.792666,(25-32)
2025-08-03 19:10:51.826344,(25-32)
2025-08-03 19:10:51.860883,(25-32)
2025-08-03 19:10:51.908658,(25-32)
2025-08-03 19:10:51.946961,(25-32)
2025-08-03 19:10:51.989907,(25-32)
2025-08-03 19:10:52.068466,(25-32)
2025-08-03 19:10:52.110368,(25-32)
2025-08-03 19:10:52.144892,(25-32)
2025-08-03 19:10:52.175464,(25-32)
2025-08-03 19:10:52.213496,(25-32)
2025-08-03 19:10:52.242593,(25-32)
2025-08-03 19:10:52.274748,(25-32)
2025-08-03 19:10:52.311610,(25-32)
2025-08-03 19:10:52.344140,(25-32)
2025-08-03 19:10:52.380574,(25-32)
2025-08-03 19:10:52.411920,(25-32)
2025-08-03 19:10:52.444843,(25-32)
2025-08-03 19:10:52.480774,(25-32)
2025-08-03 19:10:52.518536,(25-32)
2025-08-03 19:10:52.550124,(25-32)
2025-08-03 19:10:52.585905,(25-32)
2025-08-03 19:10:52.618217,(25-32)
2025-08-03 19:10:52.651174,(25-32)
2025-08-03 19:10:52.686916,(25-32)
2025-08-03 19:10:52.722013,(25-32)
2025-08-03 19:10:52.751119,(25-32)
2025-08-03 19:10:52.789431,(25-32)
2025-08-03 19:10:52.820498,(25-32)
2025-08-03 19:10:52.854664,(25-32)
2025-08-03 19:10:52.885979,(25-32)
2025-08-03 19:10:52.916835,(25-32)
2025-08-03 19:10:52.958145,(25-32)
2025-08-03 19:10:52.988202,(25-32)
2025-08-03 19:10:53.024999,(0-2)
2025-08-03 19:10:53.055272,(25-32)
2025-08-03 19:10:53.091193,(25-32)
2025-08-03 19:10:53.124307,(25-32)
2025-08-03 19:10:53.157149,(25-32)
2025-08-03 19:10:53.191146,(25-32)
2025-08-03 19:10:53.227243,(0-2)
2025-08-03 19:10:53.260990,(0-2)
2025-08-03 19:10:53.315052,(25-32)
2025-08-03 19:10:53.352706,(25-32)
2025-08-03 19:10:53.399841,(0-2)
2025-08-03 19:10:53.430146,(0-2)
2025-08-03 19:10:53.467869,(25-32)
2025-08-03 19:10:53.508528,(0-2)
2025-08-03 19:10:53.544330,(0-2)
2025-08-03 19:10:53.583970,(0-2)
2025-08-03 19:10:53.613746,(0-2)
2025-08-03 19:10:53.645061,(25-32)
2025-08-03 19:10:53.681117,(25-32)
2025-08-03 19:10:53.717050,(25-32)
2025-08-03 19:10:53.753028,(25-32)
2025-08-03 19:10:53.787780,(25-32)
2025-08-03 19:10:53.818493,(25-32)
2025-08-03 19:10:53.845422,(25-32)
2025-08-03 19:10:53.880691,(0-2)
2025-08-03 19:10:53.907605,(0-2)
2025-08-03 19:10:53.942603,(0-2)
2025-08-03 19:10:53.972977,(25-32)
2025-08-03 19:10:54.014657,(25-32)
2025-08-03 19:10:54.040281,(25-32)
2025-08-03 19:10:54.079286,(25-32)
2025-08-03 19:10:54.110080,(25-32)
2025-08-03 19:10:54.143190,(25-32)
2025-08-03 19:10:54.182100,(0-2)
2025-08-03 19:10:54.218685,(25-32)
2025-08-03 19:10:54.252112,(25-32)
2025-08-03 19:10:54.283844,(25-32)
2025-08-03 19:10:54.321293,(25-32)
2025-08-03 19:10:54.354463,(0-2)
2025-08-03 19:10:54.386785,(0-2)
2025-08-03 19:10:54.423341,(0-2)
2025-08-03 19:10:54.458075,(0-2)
2025-08-03 19:10:54.488812,(25-32)
2025-08-03 19:10:54.526852,(0-2)
2025-08-03 19:10:54.554469,(0-2)
2025-08-03 19:10:54.591412,(0-2)
2025-08-03 19:10:54.624123,(0-2)
2025-08-03 19:10:54.678093,(0-2)
2025-08-03 19:10:54.708034,(0-2)
2025-08-03 19:10:54.743125,(0-2)
2025-08-03 19:10:54.776804,(0-2)
2025-08-03 19:10:54.812477,(25-32)
2025-08-03 19:10:54.844728,(25-32)
2025-08-03 19:10:54.881878,(0-2)
2025-08-03 19:10:54.911043,(25-32)
2025-08-03 19:10:54.943538,(0-2)
2025-08-03 19:10:54.983247,(0-2)
2025-08-03 19:10:55.010312,(0-2)
2025-08-03 19:10:55.049168,(0-2)
2025-08-03 19:10:55.084447,(0-2)
2025-08-03 19:10:55.115271,(0-2)
2025-08-03 19:10:55.150597,(0-2)
2025-08-03 19:10:55.184860,(0-2)
2025-08-03 19:10:55.209321,(25-32)
2025-08-03 19:10:55.242667,(25-32)
2025-08-03 19:10:55.266967,(25-32)
2025-08-03 19:10:55.294180,(25-32)
2025-08-03 19:10:55.339209,(0-2)
2025-08-03 19:10:55.368130,(0-2)
2025-08-03 19:10:55.408526,(0-2)
2025-08-03 19:10:55.438962,(0-2)
2025-08-03 19:10:55.471704,(25-32)
2025-08-03 19:10:55.508571,(4-6)
2025-08-03 19:10:55.542066,(4-6)
2025-08-03 19:10:55.568414,(4-6)
2025-08-03 19:10:55.597241,(4-6)
2025-08-03 19:10:55.624809,(4-6)
2025-08-03 19:10:55.652568,(4-6)
2025-08-03 19:10:55.687884,(4-6)
2025-08-03 19:10:55.716900,(4-6)
2025-08-03 19:10:55.741364,(4-6)
2025-08-03 19:10:55.769158,(4-6)
2025-08-03 19:10:55.797613,(4-6)
2025-08-03 19:10:55.838245,(25-32)
2025-08-03 19:10:55.873658,(25-32)
2025-08-03 19:10:55.903484,(25-32)
2025-08-03 19:10:55.935178,(25-32)
2025-08-03 19:10:55.978139,(8-12)
2025-08-03 19:10:56.004353,(8-12)
2025-08-03 19:10:56.118954,(15-20)
2025-08-03 19:10:56.331964,(25-32)
2025-08-03 19:10:56.377821,(25-32)
2025-08-03 19:10:56.421247,(25-32)
2025-08-03 19:10:56.454407,(25-32)
2025-08-03 19:10:56.484909,(25-32)
2025-08-03 19:10:56.515913,(25-32)
2025-08-03 19:10:56.553017,(25-32)
2025-08-03 19:10:56.589064,(25-32)
2025-08-03 19:10:56.621130,(25-32)
2025-08-03 19:10:56.655948,(25-32)
2025-08-03 19:10:56.690384,(25-32)
2025-08-03 19:10:56.726725,(25-32)
2025-08-03 19:10:56.750513,(25-32)
2025-08-03 19:10:56.791333,(25-32)
2025-08-03 19:10:56.821368,(25-32)
2025-08-03 19:10:56.858255,(25-32)
2025-08-03 19:10:56.892773,(25-32)
2025-08-03 19:10:56.924838,(25-32)
2025-08-03 19:10:56.960725,(25-32)
2025-08-03 19:10:56.992782,(25-32)
2025-08-03 19:10:57.031240,(25-32)
2025-08-03 19:10:57.060967,(25-32)
2025-08-03 19:10:57.097088,(25-32)
2025-08-03 19:10:57.134082,(25-32)
2025-08-03 19:10:57.156849,(25-32)
2025-08-03 19:10:57.201014,(25-32)
2025-08-03 19:10:57.229001,(25-32)
2025-08-03 19:10:57.263949,(25-32)
2025-08-03 19:10:57.297475,(25-32)
2025-08-03 19:10:57.351538,(25-32)
2025-08-03 19:10:57.396867,(25-32)
2025-08-03 19:10:57.441358,(25-32)
2025-08-03 19:10:57.484338,(25-32)
2025-08-03 19:10:57.528970,(25-32)
2025-08-03 19:10:57.563993,(25-32)
2025-08-03 19:10:57.599887,(25-32)
2025-08-03 19:10:57.630179,(25-32)
2025-08-03 19:10:57.674835,(25-32)
2025-08-03 19:10:57.706371,(25-32)
2025-08-03 19:10:57.745452,(25-32)
2025-08-03 19:10:57.787856,(25-32)
2025-08-03 19:10:57.820844,(25-32)
2025-08-03 19:10:57.854530,(25-32)
2025-08-03 19:10:57.889012,(25-32)
2025-08-03 19:10:57.918987,(25-32)
2025-08-03 19:10:57.953425,(25-32)
2025-08-03 19:10:57.991314,(25-32)
2025-08-03 19:10:58.026730,(25-32)
2025-08-03 19:10:58.057752,(25-32)
2025-08-03 19:10:58.089253,(25-32)
2025-08-03 19:10:58.126134,(25-32)
2025-08-03 19:10:58.158591,(25-32)
2025-08-03 19:10:58.193437,(25-32)
2025-08-03 19:10:58.227012,(25-32)
2025-08-03 19:10:58.257468,(25-32)
2025-08-03 19:10:58.295599,(25-32)
2025-08-03 19:10:58.328811,(25-32)
2025-08-03 19:10:58.359190,(25-32)
2025-08-03 19:10:58.395659,(25-32)
2025-08-03 19:10:58.425577,(25-32)
2025-08-03 19:10:58.466660,(25-32)
2025-08-03 19:10:58.497554,(25-32)
2025-08-03 19:10:58.531656,(25-32)
2025-08-03 19:10:58.566588,(25-32)
2025-08-03 19:10:58.597673,(25-32)
2025-08-03 19:10:58.631590,(25-32)
2025-08-03 19:45:59.595382,(25-32)
2025-08-03 19:45:59.802366,(4-6)
2025-08-03 19:45:59.863325,(8-12)
2025-08-03 19:45:59.904970,(8-12)
2025-08-03 19:45:59.939925,(25-32)
2025-08-03 19:45:59.994085,(25-32)
2025-08-03 19:46:00.038007,(25-32)
2025-08-03 19:46:00.068655,(25-32)
2025-08-03 19:46:00.099993,(25-32)
2025-08-03 19:46:00.453542,(25-32)
2025-08-03 19:46:00.500387,(25-32)
2025-08-03 19:46:00.551683,(8-12)
2025-08-03 19:46:00.586738,(8-12)
2025-08-03 19:46:00.611063,(8-12)
2025-08-03 19:46:00.647569,(8-12)
2025-08-03 19:46:00.681320,(15-20)
2025-08-03 19:46:00.717267,(25-32)
2025-08-03 19:46:00.751884,(25-32)
2025-08-03 19:46:00.779077,(8-12)
2025-08-03 19:46:00.817470,(25-32)
2025-08-03 19:46:00.848796,(25-32)
2025-08-03 19:46:00.884708,(25-32)
2025-08-03 19:46:00.920374,(8-12)
2025-08-03 19:46:00.953056,(25-32)
2025-08-03 19:46:00.985703,(25-32)
2025-08-03 19:46:01.021148,(25-32)
2025-08-03 19:46:01.053771,(25-32)
2025-08-03 19:46:01.086001,(8-12)
2025-08-03 19:46:01.120762,(15-20)
2025-08-03 19:46:01.155645,(15-20)
2025-08-03 19:46:01.191771,(15-20)
2025-08-03 19:46:01.224663,(15-20)
2025-08-03 19:46:01.259961,(15-20)
2025-08-03 19:46:01.289012,(15-20)
2025-08-03 19:46:01.325159,(15-20)
2025-08-03 19:46:01.359652,(25-32)
2025-08-03 19:46:01.390057,(15-20)
2025-08-03 19:46:01.423625,(15-20)
2025-08-03 19:46:01.461294,(15-20)
2025-08-03 19:46:01.495902,(15-20)
2025-08-03 19:46:01.530037,(15-20)
2025-08-03 19:46:01.562944,(15-20)
2025-08-03 19:46:01.597736,(25-32)
2025-08-03 19:46:01.633057,(25-32)
2025-08-03 19:46:01.670429,(25-32)
2025-08-03 19:46:01.701968,(15-20)
2025-08-03 19:46:01.734597,(15-20)
2025-08-03 19:46:01.774032,(15-20)
2025-08-03 19:46:01.803365,(15-20)
2025-08-03 19:46:01.836525,(15-20)
2025-08-03 19:46:01.868044,(15-20)
2025-08-03 19:46:01.900118,(15-20)
2025-08-03 19:46:01.937506,(15-20)
2025-08-03 19:46:01.984074,(15-20)
2025-08-03 19:46:02.044597,(15-20)
2025-08-03 19:46:02.073261,(15-20)
2025-08-03 19:46:02.109097,(15-20)
2025-08-03 19:46:02.149146,(15-20)
2025-08-03 19:46:02.189782,(15-20)
2025-08-03 19:46:02.220142,(15-20)
2025-08-03 19:46:02.251970,(15-20)
2025-08-03 19:46:02.287808,(8-12)
2025-08-03 19:46:02.325093,(15-20)
2025-08-03 19:46:02.355600,(15-20)
2025-08-03 19:46:02.387975,(15-20)
2025-08-03 19:46:02.423446,(25-32)
2025-08-03 19:46:02.458043,(25-32)
2025-08-03 19:46:02.490669,(15-20)
2025-08-03 19:46:02.529047,(8-12)
2025-08-03 19:46:02.561129,(15-20)
2025-08-03 19:46:02.595587,(15-20)
2025-08-03 19:46:02.630455,(15-20)
2025-08-03 19:46:02.666224,(15-20)
2025-08-03 19:46:02.704702,(15-20)
2025-08-03 19:46:02.733973,(15-20)
2025-08-03 19:46:02.769302,(15-20)
2025-08-03 19:46:02.803616,(15-20)
2025-08-03 19:46:02.837328,(15-20)
2025-08-03 19:46:02.871394,(15-20)
2025-08-03 19:46:02.910972,(15-20)
2025-08-03 19:46:02.938555,(15-20)
2025-08-03 19:46:02.978457,(15-20)
2025-08-03 19:46:03.013287,(15-20)
2025-08-03 19:46:03.045299,(15-20)
2025-08-03 19:46:03.087720,(15-20)
2025-08-03 19:46:03.120017,(15-20)
2025-08-03 19:46:03.160861,(15-20)
2025-08-03 19:46:03.192664,(25-32)
2025-08-03 19:46:03.226764,(15-20)
2025-08-03 19:46:03.264641,(15-20)
2025-08-03 19:46:03.311817,(15-20)
2025-08-03 19:46:03.347326,(15-20)
2025-08-03 19:46:03.381027,(15-20)
2025-08-03 19:46:03.413171,(15-20)
2025-08-03 19:46:03.447308,(15-20)
2025-08-03 19:46:03.481017,(15-20)
2025-08-03 19:46:03.512888,(15-20)
2025-08-03 19:46:03.549373,(15-20)
2025-08-03 19:46:03.581295,(15-20)
2025-08-03 19:46:03.619288,(15-20)
2025-08-03 19:46:03.653390,(15-20)
2025-08-03 19:46:03.686496,(15-20)
2025-08-03 19:46:03.718440,(15-20)
2025-08-03 19:46:03.752793,(15-20)
2025-08-03 19:46:03.782753,(15-20)
2025-08-03 19:46:03.817559,(15-20)
2025-08-03 19:46:03.853448,(25-32)
2025-08-03 19:46:03.887947,(15-20)
2025-08-03 19:46:03.921892,(15-20)
2025-08-03 19:46:03.958574,(25-32)
2025-08-03 19:46:03.990528,(15-20)
2025-08-03 19:46:04.025093,(15-20)
2025-08-03 19:46:04.056284,(15-20)
2025-08-03 19:46:04.095118,(15-20)
2025-08-03 19:46:04.127484,(15-20)
2025-08-03 19:46:04.174073,(15-20)
2025-08-03 19:46:04.209412,(15-20)
2025-08-03 19:46:04.246615,(15-20)
2025-08-03 19:46:04.276330,(15-20)
2025-08-03 19:46:04.309789,(15-20)
2025-08-03 19:46:04.343574,(15-20)
2025-08-03 19:46:04.374755,(15-20)
2025-08-03 19:46:04.414027,(15-20)
2025-08-03 19:46:04.444507,(15-20)
2025-08-03 19:46:04.483229,(15-20)
2025-08-03 19:46:04.516565,(15-20)
2025-08-03 19:46:04.551055,(15-20)
2025-08-03 19:46:04.581858,(15-20)
2025-08-03 19:46:04.618828,(15-20)
2025-08-03 19:46:04.649825,(15-20)
2025-08-03 19:46:04.686574,(15-20)
2025-08-03 19:46:04.720882,(15-20)
2025-08-03 19:46:04.756807,(15-20)
2025-08-03 19:46:04.787844,(15-20)
2025-08-03 19:46:04.821186,(15-20)
2025-08-03 19:46:04.856902,(15-20)
2025-08-03 19:46:04.890507,(15-20)
2025-08-03 19:46:04.924105,(15-20)
2025-08-03 19:46:04.955569,(15-20)
2025-08-03 19:46:04.992062,(15-20)
2025-08-03 19:46:05.030831,(15-20)
2025-08-03 19:46:05.062671,(15-20)
2025-08-03 19:46:05.097136,(15-20)
2025-08-03 19:46:05.129705,(15-20)
2025-08-03 19:46:05.165991,(15-20)
2025-08-03 19:46:05.201749,(15-20)
2025-08-03 19:46:05.236776,(15-20)
2025-08-03 19:46:05.270896,(15-20)
2025-08-03 19:46:05.304977,(15-20)
2025-08-03 19:46:05.338965,(15-20)
2025-08-03 19:46:05.372491,(15-20)
2025-08-03 19:46:05.405783,(15-20)
2025-08-03 19:46:05.439824,(15-20)
2025-08-03 19:46:05.477561,(15-20)
2025-08-03 19:46:05.510409,(15-20)
2025-08-03 19:46:05.547810,(15-20)
2025-08-03 19:46:05.579693,(15-20)
2025-08-03 19:46:05.613672,(15-20)
2025-08-03 19:46:05.647519,(15-20)
2025-08-03 19:46:05.681269,(15-20)
2025-08-03 19:46:05.716463,(15-20)
2025-08-03 19:46:05.751461,(15-20)
2025-08-03 19:46:05.783120,(15-20)
2025-08-03 19:46:05.817328,(15-20)
2025-08-03 19:46:05.851669,(15-20)
2025-08-03 19:46:05.883221,(15-20)
2025-08-03 19:46:05.916712,(15-20)
2025-08-03 19:46:05.950695,(15-20)
2025-08-03 19:46:05.989410,(15-20)
2025-08-03 19:46:06.039567,(15-20)
2025-08-03 19:46:06.072422,(15-20)
2025-08-03 19:46:06.104107,(15-20)
2025-08-03 19:46:06.138258,(15-20)
2025-08-03 19:46:06.177145,(15-20)
2025-08-03 19:46:06.206562,(15-20)
2025-08-03 19:46:06.245594,(15-20)
2025-08-03 19:46:06.278756,(15-20)
2025-08-03 19:46:06.315198,(15-20)
2025-08-03 19:46:06.346547,(15-20)
2025-08-03 19:46:06.380935,(15-20)
2025-08-03 19:46:06.457987,(15-20)
2025-08-03 19:46:06.497197,(15-20)
2025-08-03 19:46:06.530773,(15-20)
2025-08-03 19:46:06.562533,(15-20)
2025-08-03 19:46:06.595552,(15-20)
2025-08-03 19:46:06.630529,(15-20)
2025-08-03 19:46:06.668571,(15-20)
2025-08-03 19:46:06.702006,(15-20)
2025-08-03 19:46:06.736494,(15-20)
2025-08-03 19:46:06.770405,(15-20)
2025-08-03 19:46:06.804525,(15-20)
2025-08-03 19:46:06.838865,(15-20)
2025-08-03 19:46:06.873327,(15-20)
2025-08-03 19:46:06.907285,(15-20)
2025-08-03 19:46:06.939269,(15-20)
2025-08-03 19:46:06.973408,(25-32)
2025-08-03 19:46:07.009065,(25-32)
2025-08-03 19:46:07.046647,(25-32)
2025-08-03 19:46:07.077301,(25-32)
2025-08-03 19:46:07.110772,(25-32)
2025-08-03 19:46:07.147453,(25-32)
2025-08-03 19:46:07.179945,(15-20)
2025-08-03 19:46:07.214157,(25-32)
2025-08-03 19:46:07.244758,(25-32)
2025-08-03 19:46:07.281059,(25-32)
2025-08-03 19:46:07.314318,(25-32)
2025-08-03 19:46:07.350435,(25-32)
2025-08-03 19:46:07.398983,(15-20)
2025-08-03 19:46:07.436231,(15-20)
2025-08-03 19:46:07.468972,(25-32)
2025-08-03 19:46:07.499807,(25-32)
2025-08-03 19:46:07.533830,(25-32)
2025-08-03 19:46:07.569642,(15-20)
2025-08-03 19:46:07.604525,(25-32)
2025-08-03 19:46:07.655776,(15-20)
2025-08-03 19:46:07.691306,(25-32)
2025-08-03 19:46:07.724987,(15-20)
2025-08-03 19:46:07.780929,(15-20)
2025-08-03 19:46:07.814338,(15-20)
2025-08-03 19:46:07.849697,(15-20)
2025-08-03 19:46:07.880125,(15-20)
2025-08-03 19:46:07.931315,(15-20)
2025-08-03 19:46:07.965177,(15-20)
2025-08-03 19:46:08.000856,(25-32)
2025-08-03 19:46:08.032153,(25-32)
2025-08-03 19:46:08.070725,(25-32)
2025-08-03 19:46:08.123688,(15-20)
2025-08-03 19:46:08.153090,(15-20)
2025-08-03 19:46:08.186735,(15-20)
2025-08-03 19:46:08.425242,(15-20)
2025-08-03 19:46:08.454939,(15-20)
2025-08-03 19:46:08.485092,(15-20)
2025-08-03 19:46:08.516723,(25-32)
2025-08-03 19:46:08.551456,(25-32)
2025-08-03 19:46:08.585836,(25-32)
2025-08-03 19:46:08.617902,(15-20)
2025-08-03 19:46:08.670512,(15-20)
2025-08-03 19:46:08.712996,(15-20)
2025-08-03 19:46:08.767015,(15-20)
2025-08-03 19:46:08.806287,(15-20)
2025-08-03 19:46:08.836789,(15-20)
2025-08-03 19:46:08.981442,(15-20)
2025-08-03 19:46:09.019539,(15-20)
2025-08-03 19:46:09.057672,(15-20)
2025-08-03 19:46:09.087753,(15-20)
2025-08-03 19:46:09.123653,(15-20)
2025-08-03 19:46:09.158259,(15-20)
2025-08-03 19:46:09.193223,(15-20)
2025-08-03 19:46:09.224801,(15-20)
2025-08-03 19:46:09.261625,(15-20)
2025-08-03 19:46:09.301508,(15-20)
2025-08-03 19:46:09.333652,(25-32)
2025-08-03 19:46:09.366179,(15-20)
2025-08-03 19:46:09.402354,(15-20)
2025-08-03 19:46:09.431280,(15-20)
2025-08-03 19:46:09.452232,(15-20)
2025-08-03 19:46:09.485650,(15-20)
2025-08-03 19:46:09.515322,(15-20)
2025-08-03 19:46:09.551877,(15-20)
2025-08-03 19:46:09.585114,(15-20)
2025-08-03 19:46:09.618641,(15-20)
2025-08-03 19:46:09.646033,(15-20)
2025-08-03 19:46:09.687155,(15-20)
2025-08-03 19:46:09.723088,(15-20)
2025-08-03 19:46:09.755406,(15-20)
2025-08-03 19:46:09.782815,(15-20)
2025-08-03 19:46:09.808317,(15-20)
2025-08-03 19:46:09.836393,(15-20)
2025-08-03 19:46:09.864054,(15-20)
2025-08-03 19:46:09.901180,(15-20)
2025-08-03 19:46:09.930689,(15-20)
2025-08-03 19:46:09.967660,(15-20)
2025-08-03 19:46:10.065486,(15-20)
2025-08-03 19:46:10.091143,(15-20)
2025-08-03 19:46:10.133256,(15-20)
2025-08-03 19:46:10.167069,(25-32)
2025-08-03 19:46:10.198178,(15-20)
2025-08-03 19:46:10.234843,(15-20)
2025-08-03 19:46:10.282006,(15-20)
2025-08-03 19:46:10.314001,(15-20)
2025-08-03 19:46:10.350905,(15-20)
2025-08-03 19:46:10.382822,(15-20)
2025-08-03 19:46:10.421547,(15-20)
2025-08-03 19:46:10.452612,(8-12)
2025-08-03 19:46:10.486322,(15-20)
2025-08-03 19:46:10.515646,(25-32)
2025-08-03 19:46:10.550854,(25-32)
2025-08-03 19:46:10.578559,(15-20)
2025-08-03 19:46:10.613431,(25-32)
2025-08-03 19:46:10.646775,(25-32)
2025-08-03 19:46:10.680571,(25-32)
2025-08-03 19:46:10.690840,(48-53)
2025-08-03 19:46:10.715486,(25-32)
2025-08-03 19:46:10.748840,(25-32)
2025-08-03 19:46:10.781719,(25-32)
2025-08-03 19:46:10.818723,(25-32)
2025-08-03 19:46:10.853477,(25-32)
2025-08-03 20:13:12.388872,(4-6)
2025-08-03 20:13:12.422791,(25-32)
2025-08-03 20:13:12.483473,(25-32)
2025-08-03 20:13:12.532976,(25-32)
2025-08-03 20:13:12.605387,(25-32)
2025-08-03 20:13:12.650979,(25-32)
2025-08-03 20:13:12.722766,(25-32)
2025-08-03 20:13:13.939738,(25-32)
2025-08-03 20:13:13.975092,(4-6)
2025-08-03 20:13:14.277091,(4-6)
2025-08-03 20:13:14.373992,(15-20)
2025-08-03 20:13:14.579881,(25-32)
2025-08-03 20:13:15.524189,(4-6)
2025-08-03 20:13:15.557658,(4-6)
2025-08-03 20:13:15.620833,(25-32)
2025-08-03 20:13:15.647911,(25-32)
2025-08-03 20:13:15.680422,(25-32)
2025-08-03 20:13:15.858304,(25-32)
2025-08-03 20:13:15.887451,(25-32)
2025-08-03 20:13:15.937376,(25-32)
2025-08-03 20:13:16.130440,(25-32)
2025-08-03 20:13:17.800428,(15-20)
2025-08-03 20:13:18.147255,(8-12)
2025-08-03 20:13:18.186184,(8-12)
2025-08-03 20:13:18.217309,(8-12)
2025-08-03 20:13:18.251682,(8-12)
2025-08-03 20:13:18.281773,(8-12)
2025-08-03 20:13:18.313465,(8-12)
2025-08-03 20:13:18.349982,(8-12)
2025-08-03 20:13:18.384639,(8-12)
2025-08-03 20:13:18.419918,(15-20)
2025-08-03 20:13:18.454579,(8-12)
2025-08-03 20:13:18.488645,(8-12)
2025-08-03 20:13:18.521586,(15-20)
2025-08-03 20:13:18.552248,(8-12)
2025-08-03 20:13:18.587233,(8-12)
2025-08-03 20:13:18.623335,(8-12)
2025-08-03 20:13:18.655619,(8-12)
2025-08-03 20:13:18.695617,(8-12)
2025-08-03 20:13:18.725824,(8-12)
2025-08-03 20:13:18.762874,(8-12)
2025-08-03 20:13:18.779151,(8-12)
2025-08-03 20:13:18.818408,(8-12)
2025-08-03 20:13:18.853112,(8-12)
2025-08-03 20:13:18.884856,(8-12)
2025-08-03 20:13:18.921033,(8-12)
2025-08-03 20:13:18.954106,(8-12)
2025-08-03 20:13:18.988144,(8-12)
2025-08-03 20:13:19.021988,(8-12)
2025-08-03 20:13:19.055874,(8-12)
2025-08-03 20:13:19.089085,(8-12)
2025-08-03 20:13:19.125514,(8-12)
2025-08-03 20:13:19.162403,(8-12)
2025-08-03 20:13:19.192846,(8-12)
2025-08-03 20:13:19.224634,(15-20)
2025-08-03 20:13:19.258241,(8-12)
2025-08-03 20:13:19.295735,(8-12)
2025-08-03 20:13:19.327503,(8-12)
2025-08-03 20:13:19.361318,(8-12)
2025-08-03 20:13:19.395882,(8-12)
2025-08-03 20:13:19.424084,(8-12)
2025-08-03 20:13:19.462656,(8-12)
2025-08-03 20:13:19.494634,(8-12)
2025-08-03 20:13:19.530774,(8-12)
2025-08-03 20:13:19.563999,(8-12)
2025-08-03 20:13:19.596449,(8-12)
2025-08-03 20:13:19.632830,(8-12)
2025-08-03 20:13:19.669496,(8-12)
2025-08-03 20:13:19.723258,(8-12)
2025-08-03 20:13:19.755539,(8-12)
2025-08-03 20:13:19.790622,(8-12)
2025-08-03 20:13:19.823430,(8-12)
2025-08-03 20:13:19.857760,(8-12)
2025-08-03 20:13:19.890879,(8-12)
2025-08-03 20:13:19.924750,(8-12)
2025-08-03 20:13:19.947835,(8-12)
2025-08-03 20:13:19.981073,(8-12)
2025-08-03 20:13:20.015517,(8-12)
2025-08-03 20:13:20.055687,(8-12)
2025-08-03 20:13:20.090857,(15-20)
2025-08-03 20:13:20.125650,(15-20)
2025-08-03 20:13:20.156712,(8-12)
2025-08-03 20:13:20.194399,(8-12)
2025-08-03 20:13:20.228557,(8-12)
2025-08-03 20:13:20.258232,(8-12)
2025-08-03 20:13:20.292794,(8-12)
2025-08-03 20:13:20.330236,(8-12)
2025-08-03 20:13:20.362982,(8-12)
2025-08-03 20:13:20.394626,(8-12)
2025-08-03 20:13:20.432521,(15-20)
2025-08-03 20:13:20.470334,(15-20)
2025-08-03 20:13:20.503663,(15-20)
2025-08-03 20:13:20.536638,(15-20)
2025-08-03 20:13:20.586431,(15-20)
2025-08-03 20:13:20.619189,(15-20)
2025-08-03 20:13:20.649695,(15-20)
2025-08-03 20:13:20.685218,(8-12)
2025-08-03 20:13:20.720385,(15-20)
2025-08-03 20:13:20.752789,(15-20)
2025-08-03 20:13:20.786978,(15-20)
2025-08-03 20:13:20.823273,(15-20)
2025-08-03 20:13:20.859903,(8-12)
2025-08-03 20:13:20.892097,(8-12)
2025-08-03 20:13:20.925613,(15-20)
2025-08-03 20:13:20.961790,(8-12)
2025-08-03 20:13:20.994422,(15-20)
2025-08-03 20:13:21.027577,(15-20)
2025-08-03 20:13:21.065167,(15-20)
2025-08-03 20:13:21.101478,(15-20)
2025-08-03 20:13:21.135245,(8-12)
2025-08-03 20:13:21.168822,(15-20)
2025-08-03 20:13:21.202933,(8-12)
2025-08-03 20:13:21.236599,(8-12)
2025-08-03 20:13:21.270905,(8-12)
2025-08-03 20:13:21.305077,(15-20)
2025-08-03 20:13:21.339063,(15-20)
2025-08-03 20:13:21.374578,(15-20)
2025-08-03 20:13:21.408723,(8-12)
2025-08-03 20:13:21.440083,(15-20)
2025-08-03 20:13:21.476566,(15-20)
2025-08-03 20:13:21.510847,(8-12)
2025-08-03 20:13:21.562791,(8-12)
2025-08-03 20:13:21.595026,(8-12)
2025-08-03 20:13:21.641022,(8-12)
2025-08-03 20:13:21.683161,(8-12)
2025-08-03 20:13:21.714606,(8-12)
2025-08-03 20:13:21.750519,(8-12)
2025-08-03 20:13:21.785548,(8-12)
2025-08-03 20:13:21.818874,(8-12)
2025-08-03 20:13:21.849113,(8-12)
2025-08-03 20:13:21.886006,(8-12)
2025-08-03 20:13:21.918680,(8-12)
2025-08-03 20:13:21.951581,(8-12)
2025-08-03 20:13:21.987337,(8-12)
2025-08-03 20:13:22.022540,(8-12)
2025-08-03 20:13:22.055444,(8-12)
2025-08-03 20:13:22.089217,(8-12)
2025-08-03 20:13:22.126381,(8-12)
2025-08-03 20:13:22.157568,(8-12)
2025-08-03 20:13:22.190450,(15-20)
2025-08-03 20:13:26.325759,(25-32)
2025-08-03 20:13:26.360382,(25-32)
2025-08-03 20:13:26.391899,(8-12)
2025-08-03 20:13:31.895823,(15-20)
2025-08-03 20:13:31.929492,(15-20)
2025-08-03 20:13:31.961878,(15-20)
2025-08-03 20:13:31.993152,(15-20)
2025-08-03 20:13:32.024820,(15-20)
2025-08-03 20:13:32.057136,(15-20)
2025-08-03 20:13:32.093435,(15-20)
2025-08-03 20:13:32.124174,(15-20)
2025-08-03 20:13:32.160558,(15-20)
2025-08-03 20:13:32.205389,(15-20)
2025-08-03 20:13:32.237984,(15-20)
2025-08-03 20:13:32.279345,(15-20)
2025-08-03 20:13:32.305946,(15-20)
2025-08-03 20:13:32.331505,(15-20)
2025-08-03 20:13:32.363354,(15-20)
2025-08-03 20:13:32.395844,(15-20)
2025-08-03 20:13:32.425208,(15-20)
2025-08-03 20:13:32.458218,(15-20)
2025-08-03 20:13:32.508097,(15-20)
2025-08-03 20:13:32.539273,(15-20)
2025-08-03 20:13:32.599674,(15-20)
2025-08-03 20:13:32.635243,(15-20)
2025-08-03 20:13:32.665077,(15-20)
2025-08-03 20:13:32.694959,(15-20)
2025-08-03 20:13:32.733313,(15-20)
2025-08-03 20:13:32.766616,(15-20)
2025-08-03 20:13:32.811068,(15-20)
2025-08-03 20:13:32.839665,(15-20)
2025-08-03 20:13:32.875243,(8-12)
2025-08-03 20:13:32.908593,(8-12)
2025-08-03 20:13:32.961730,(15-20)
2025-08-03 20:13:33.030248,(15-20)
2025-08-03 20:13:33.093427,(8-12)
2025-08-03 20:13:33.206351,(15-20)
2025-08-03 20:13:33.240154,(15-20)
2025-08-03 20:13:33.304209,(15-20)
2025-08-03 20:13:33.337013,(15-20)
2025-08-03 20:13:33.371787,(15-20)
2025-08-03 20:13:33.405506,(15-20)
2025-08-03 20:13:33.439633,(15-20)
2025-08-03 20:13:33.471682,(15-20)
2025-08-03 20:13:33.516947,(15-20)
2025-08-03 20:13:33.552049,(15-20)
2025-08-03 20:13:33.587202,(15-20)
2025-08-03 20:13:33.614112,(15-20)
2025-08-03 20:13:33.647697,(15-20)
2025-08-03 20:13:33.675295,(15-20)
2025-08-03 20:13:33.709622,(15-20)
2025-08-03 20:13:33.743232,(15-20)
2025-08-03 20:13:33.776253,(15-20)
2025-08-03 20:13:33.818769,(15-20)
2025-08-03 20:13:33.853591,(15-20)
2025-08-03 20:13:33.887357,(15-20)
2025-08-03 20:13:33.919015,(15-20)
2025-08-03 20:13:33.954196,(15-20)
2025-08-03 20:13:33.986293,(15-20)
2025-08-03 20:13:34.023578,(15-20)
2025-08-03 20:13:34.056123,(15-20)
2025-08-03 20:13:34.090405,(15-20)
2025-08-03 20:13:34.121353,(8-12)
2025-08-03 20:13:34.157120,(15-20)
2025-08-03 20:13:34.185023,(15-20)
2025-08-03 20:13:34.222912,(15-20)
2025-08-03 20:13:34.257329,(15-20)
2025-08-03 20:13:34.287386,(8-12)
2025-08-03 20:13:34.327217,(15-20)
2025-08-03 20:13:34.358428,(8-12)
2025-08-03 20:13:34.392392,(8-12)
2025-08-03 20:13:34.427951,(15-20)
2025-08-03 20:13:34.461228,(15-20)
2025-08-03 20:13:34.491644,(15-20)
2025-08-03 20:13:34.525501,(8-12)
2025-08-03 20:13:34.544999,(8-12)
2025-08-03 20:13:34.584157,(8-12)
2025-08-03 20:13:34.617104,(8-12)
2025-08-03 20:13:34.654488,(8-12)
2025-08-03 20:13:34.688466,(8-12)
2025-08-03 20:13:34.720374,(15-20)
2025-08-03 20:13:34.756496,(15-20)
2025-08-03 20:13:34.789222,(8-12)
2025-08-03 20:13:34.829036,(15-20)
2025-08-03 20:13:34.860190,(15-20)
2025-08-03 20:13:34.889548,(8-12)
2025-08-03 20:13:34.930618,(8-12)
2025-08-03 20:13:34.964406,(15-20)
2025-08-03 20:13:34.998282,(15-20)
2025-08-03 20:13:35.023906,(15-20)
2025-08-03 20:13:35.048606,(15-20)
2025-08-03 20:13:35.082821,(15-20)
2025-08-03 20:13:35.113931,(8-12)
2025-08-03 20:13:35.148110,(15-20)
2025-08-03 20:13:35.178837,(8-12)
2025-08-03 20:13:35.215700,(8-12)
2025-08-03 20:13:35.248565,(8-12)
2025-08-03 20:13:35.279191,(15-20)
2025-08-03 20:13:35.314790,(8-12)
2025-08-03 20:13:35.333675,(15-20)
2025-08-03 20:13:35.385476,(15-20)
2025-08-03 20:13:35.418093,(8-12)
2025-08-03 20:13:35.564696,(15-20)
2025-08-03 20:13:35.721643,(15-20)
2025-08-03 20:13:35.800103,(8-12)
2025-08-03 20:13:35.835320,(8-12)
2025-08-03 20:13:35.869658,(8-12)
2025-08-03 20:13:35.904075,(8-12)
2025-08-03 20:13:35.938096,(8-12)
2025-08-03 20:13:35.966352,(15-20)
2025-08-03 20:13:35.999811,(8-12)
2025-08-03 20:13:36.035173,(8-12)
2025-08-03 20:13:36.071690,(15-20)
2025-08-03 20:13:36.109286,(15-20)
2025-08-03 20:13:36.137197,(15-20)
2025-08-03 20:13:36.175823,(15-20)
2025-08-03 20:13:36.207361,(15-20)
2025-08-03 20:13:36.243091,(8-12)
2025-08-03 20:13:36.276596,(8-12)
2025-08-03 20:13:36.295516,(15-20)
2025-08-03 20:13:36.329878,(15-20)
2025-08-03 20:13:36.365276,(15-20)
2025-08-03 20:13:36.398287,(15-20)
2025-08-03 20:13:36.445317,(15-20)
2025-08-03 20:13:36.480866,(15-20)
2025-08-03 20:13:36.513374,(15-20)
2025-08-03 20:13:36.545790,(15-20)
2025-08-03 20:13:36.575656,(8-12)
2025-08-03 20:13:36.613976,(15-20)
2025-08-03 20:13:36.647770,(8-12)
2025-08-03 20:13:36.679517,(8-12)
2025-08-03 20:13:36.714710,(15-20)
2025-08-03 20:13:36.748810,(8-12)
2025-08-03 20:13:36.779362,(25-32)
2025-08-03 20:13:36.840410,(15-20)
2025-08-03 20:13:36.893856,(15-20)
2025-08-03 20:13:36.926225,(15-20)
2025-08-03 20:13:36.960843,(15-20)
2025-08-03 20:13:36.997049,(15-20)
2025-08-03 20:13:37.011123,(15-20)
2025-08-03 20:13:37.048651,(8-12)
2025-08-03 20:13:37.083406,(15-20)
2025-08-03 20:13:37.119718,(15-20)
2025-08-03 20:13:37.151946,(15-20)
2025-08-03 20:13:37.184888,(15-20)
2025-08-03 20:13:37.216297,(15-20)
2025-08-03 20:13:37.249561,(15-20)
2025-08-03 20:13:37.287520,(15-20)
2025-08-03 20:13:37.319175,(8-12)
2025-08-03 20:13:37.352774,(15-20)
2025-08-03 20:13:37.389856,(15-20)
2025-08-03 20:13:37.417222,(15-20)
2025-08-03 20:13:37.451651,(15-20)
2025-08-03 20:13:37.480938,(15-20)
2025-08-03 20:13:37.515914,(25-32)
2025-08-03 20:13:37.551365,(25-32)
2025-08-03 20:13:37.586752,(25-32)
2025-08-03 20:13:37.607776,(15-20)
2025-08-03 20:13:37.641571,(25-32)
2025-08-03 20:13:37.676172,(25-32)
2025-08-03 20:13:37.707453,(25-32)
2025-08-03 20:13:37.756818,(8-12)
2025-08-03 20:13:37.790276,(25-32)
2025-08-03 20:13:37.819343,(25-32)
2025-08-03 20:13:37.856655,(15-20)
2025-08-03 20:13:37.889985,(15-20)
2025-08-03 20:13:37.924752,(15-20)
2025-08-03 20:13:37.958486,(15-20)
2025-08-03 20:13:37.991472,(15-20)
2025-08-03 20:13:38.024838,(15-20)
2025-08-03 20:13:38.042008,(15-20)
2025-08-03 20:13:38.089522,(15-20)
2025-08-03 20:13:38.125435,(15-20)
2025-08-03 20:13:38.156773,(15-20)
2025-08-03 20:13:38.190571,(8-12)
2025-08-03 20:13:38.223465,(15-20)
2025-08-03 20:13:38.256956,(8-12)
2025-08-03 20:13:38.290251,(15-20)
2025-08-03 20:13:38.320542,(8-12)
2025-08-03 20:13:38.342674,(8-12)
2025-08-03 20:13:38.375540,(8-12)
2025-08-03 20:13:38.429815,(8-12)
2025-08-03 20:13:38.463483,(8-12)
2025-08-03 20:13:38.497107,(8-12)
2025-08-03 20:13:38.514444,(15-20)
2025-08-03 20:13:38.531167,(15-20)
2025-08-03 20:13:38.564800,(8-12)
2025-08-03 20:13:38.598182,(8-12)
2025-08-03 20:13:38.633606,(8-12)
2025-08-03 20:13:38.664510,(15-20)
2025-08-03 20:13:38.689839,(15-20)
2025-08-03 20:13:38.729297,(8-12)
2025-08-03 20:13:38.763473,(15-20)
2025-08-03 20:13:38.796112,(15-20)
2025-08-03 20:13:38.831594,(15-20)
2025-08-03 20:13:38.868998,(15-20)
2025-08-03 20:13:38.902077,(15-20)
2025-08-03 20:13:38.931956,(8-12)
2025-08-03 20:13:38.968676,(8-12)
2025-08-03 20:13:39.001542,(15-20)
2025-08-03 20:13:39.035138,(15-20)
2025-08-03 20:13:39.072120,(15-20)
2025-08-03 20:13:39.104035,(8-12)
2025-08-03 20:13:39.124786,(15-20)
2025-08-03 20:13:39.161509,(15-20)
2025-08-03 20:13:39.197758,(15-20)
2025-08-03 20:13:39.229800,(25-32)
2025-08-03 20:13:39.292171,(15-20)
2025-08-03 20:13:39.352902,(8-12)
2025-08-03 20:13:39.401358,(15-20)
2025-08-03 20:13:39.497836,(15-20)
2025-08-03 20:13:40.540706,(8-12)
2025-08-03 20:13:40.575402,(15-20)
2025-08-03 20:13:40.610705,(15-20)
2025-08-03 20:13:40.642554,(15-20)
2025-08-03 20:13:40.667295,(15-20)
2025-08-03 20:13:40.706337,(15-20)
2025-08-03 20:13:40.740226,(15-20)
2025-08-03 20:13:40.774803,(15-20)
2025-08-03 20:13:40.810057,(15-20)
2025-08-03 20:13:40.843488,(25-32)
2025-08-03 20:13:40.878871,(15-20)
2025-08-03 20:13:40.910982,(15-20)
2025-08-03 20:13:40.946937,(25-32)
2025-08-03 20:13:40.981755,(15-20)
2025-08-03 20:13:41.012877,(15-20)
2025-08-03 20:13:41.053164,(15-20)
2025-08-03 20:13:41.086848,(15-20)
2025-08-03 20:13:41.120319,(15-20)
2025-08-03 20:13:41.155272,(15-20)
2025-08-03 20:13:41.188963,(25-32)
2025-08-03 20:13:41.225317,(15-20)
2025-08-03 20:13:41.257479,(25-32)
2025-08-03 20:13:41.288410,(25-32)
2025-08-03 20:13:41.320902,(25-32)
2025-08-03 20:13:41.357449,(15-20)
2025-08-03 20:13:41.391872,(15-20)
2025-08-03 20:13:41.426767,(15-20)
2025-08-03 20:13:41.462835,(15-20)
2025-08-03 20:13:41.496765,(25-32)
2025-08-03 20:13:41.531813,(25-32)
2025-08-03 20:13:41.563936,(25-32)
2025-08-03 20:13:41.602463,(25-32)
2025-08-03 20:13:41.634261,(25-32)
2025-08-03 20:13:41.668759,(25-32)
2025-08-03 20:13:41.702629,(25-32)
2025-08-03 20:13:41.737755,(25-32)
2025-08-03 20:13:41.770496,(25-32)
2025-08-03 20:13:41.804411,(15-20)
2025-08-03 20:13:41.836420,(25-32)
2025-08-03 20:13:41.869724,(25-32)
2025-08-03 20:13:41.903420,(15-20)
2025-08-03 20:13:41.937418,(15-20)
2025-08-03 20:13:41.971678,(25-32)
2025-08-03 20:13:42.005474,(25-32)
2025-08-03 20:13:42.040119,(25-32)
2025-08-03 20:13:42.073637,(15-20)
2025-08-03 20:13:42.108850,(15-20)
2025-08-03 20:13:42.143278,(25-32)
2025-08-03 20:13:42.179108,(25-32)
2025-08-03 20:13:42.211455,(25-32)
2025-08-03 20:13:42.247922,(25-32)
2025-08-03 20:13:42.278445,(25-32)
2025-08-03 20:13:42.312790,(25-32)
2025-08-03 20:13:42.349555,(25-32)
2025-08-03 20:13:42.381904,(25-32)
2025-08-03 20:13:42.416218,(25-32)
2025-08-03 20:13:42.450121,(25-32)
2025-08-03 20:13:42.484189,(25-32)
2025-08-03 20:13:42.519004,(25-32)
2025-08-03 20:13:42.554235,(25-32)
2025-08-03 20:13:42.586835,(25-32)
2025-08-03 20:13:42.621161,(25-32)
2025-08-03 20:13:42.653973,(25-32)
2025-08-03 20:13:42.690216,(25-32)
2025-08-03 20:13:42.724653,(25-32)
2025-08-03 20:13:42.759595,(15-20)
2025-08-03 20:13:42.792254,(15-20)
2025-08-03 20:13:42.827736,(15-20)
2025-08-03 20:13:42.861681,(25-32)
2025-08-03 20:13:42.895103,(25-32)
2025-08-03 20:13:42.928363,(25-32)
2025-08-03 20:13:42.961529,(25-32)
2025-08-03 20:13:42.997650,(25-32)
2025-08-03 20:13:43.035112,(25-32)
2025-08-03 20:13:43.069149,(25-32)
2025-08-03 20:13:43.103312,(25-32)
2025-08-03 20:13:43.135684,(25-32)
2025-08-03 20:13:43.171864,(25-32)
2025-08-03 20:13:43.206497,(25-32)
2025-08-03 20:13:43.237619,(25-32)
2025-08-03 20:13:43.271016,(25-32)
2025-08-03 20:13:43.307453,(25-32)
2025-08-03 20:13:43.338626,(25-32)
2025-08-03 20:13:43.376645,(25-32)
2025-08-03 20:13:43.410606,(25-32)
2025-08-03 20:13:43.442662,(25-32)
2025-08-03 20:13:43.476144,(25-32)
2025-08-03 20:13:43.514235,(25-32)
2025-08-03 20:13:43.544605,(25-32)
2025-08-03 20:13:43.581618,(25-32)
2025-08-03 20:13:43.616385,(25-32)
2025-08-03 20:13:43.651510,(25-32)
2025-08-03 20:13:43.705198,(25-32)
2025-08-03 20:13:43.735259,(25-32)
2025-08-03 20:13:43.771928,(25-32)
2025-08-03 20:13:43.804084,(25-32)
2025-08-03 20:13:43.853216,(25-32)
2025-08-03 20:13:43.899977,(25-32)
2025-08-03 20:13:43.935485,(25-32)
2025-08-03 20:13:43.967232,(25-32)
2025-08-03 20:13:44.001760,(25-32)
2025-08-03 20:13:44.035629,(25-32)
2025-08-03 20:13:44.068983,(25-32)
2025-08-03 20:13:44.109507,(25-32)
2025-08-03 20:13:44.156638,(25-32)
2025-08-03 20:13:44.190652,(25-32)
2025-08-03 20:13:44.224496,(25-32)
2025-08-03 20:13:44.258477,(25-32)
2025-08-03 20:13:44.292451,(25-32)
2025-08-03 20:13:44.325783,(25-32)
2025-08-03 20:13:44.360793,(25-32)
2025-08-03 20:13:44.393793,(25-32)
2025-08-03 20:13:44.430834,(25-32)
2025-08-03 20:13:44.463895,(25-32)
2025-08-03 20:13:44.496763,(25-32)
2025-08-03 20:13:44.530199,(25-32)
2025-08-03 20:13:44.548786,(25-32)
2025-08-03 20:13:44.583473,(25-32)
2025-08-03 20:13:44.619552,(25-32)
2025-08-03 20:13:44.653452,(25-32)
2025-08-03 20:13:44.685550,(25-32)
2025-08-03 20:13:44.719531,(25-32)
2025-08-03 20:13:44.753511,(25-32)
2025-08-03 20:13:44.788230,(25-32)
2025-08-03 20:13:44.823506,(25-32)
2025-08-03 20:13:44.859890,(25-32)
2025-08-03 20:13:44.893681,(25-32)
2025-08-03 20:13:44.927252,(25-32)
2025-08-03 20:13:44.960674,(25-32)
2025-08-03 20:13:44.995445,(25-32)
2025-08-03 20:13:45.031546,(25-32)
2025-08-03 20:13:45.068271,(25-32)
2025-08-03 20:13:45.100487,(25-32)
2025-08-03 20:13:45.136196,(25-32)
2025-08-03 20:13:45.170325,(25-32)
2025-08-03 20:13:45.202198,(25-32)
2025-08-03 20:13:45.237223,(25-32)
2025-08-03 20:13:45.271444,(25-32)
2025-08-03 20:13:45.305923,(25-32)
2025-08-03 20:13:45.339975,(25-32)
2025-08-03 20:13:45.373571,(25-32)
2025-08-03 20:13:45.407822,(25-32)
2025-08-03 20:13:45.441674,(25-32)
2025-08-03 20:13:45.476539,(25-32)
2025-08-03 20:13:45.510278,(25-32)
2025-08-03 20:13:45.542942,(25-32)
2025-08-03 20:13:45.575837,(25-32)
2025-08-03 20:13:45.610595,(25-32)
2025-08-03 20:13:45.644055,(25-32)
2025-08-03 20:13:45.678649,(25-32)
2025-08-03 20:13:45.712050,(25-32)
2025-08-03 20:13:45.745769,(25-32)
2025-08-03 20:13:45.780132,(25-32)
2025-08-03 20:13:45.815788,(25-32)
2025-08-03 20:13:45.850817,(25-32)
2025-08-03 20:13:45.884052,(25-32)
2025-08-03 20:13:45.917555,(25-32)
2025-08-03 20:13:45.952337,(25-32)
2025-08-03 20:13:45.987334,(25-32)
2025-08-03 20:13:46.023856,(25-32)
2025-08-03 20:13:46.055716,(25-32)
2025-08-03 20:13:46.090125,(25-32)
2025-08-03 20:13:46.124075,(25-32)
2025-08-03 20:13:46.154153,(25-32)
2025-08-03 20:13:46.191533,(25-32)
2025-08-03 20:13:46.224175,(25-32)
2025-08-03 20:13:46.258177,(25-32)
2025-08-03 20:13:46.295166,(25-32)
2025-08-03 20:13:46.328715,(25-32)
2025-08-03 20:13:46.361539,(25-32)
2025-08-03 20:13:46.397442,(25-32)
2025-08-03 20:13:46.433412,(25-32)
2025-08-03 20:13:46.465249,(25-32)
2025-08-03 20:13:46.496291,(25-32)
2025-08-03 20:13:46.533124,(25-32)
2025-08-03 20:13:46.569224,(15-20)
2025-08-03 20:13:46.602601,(15-20)
2025-08-03 20:13:46.640607,(15-20)
2025-08-03 20:13:46.671180,(25-32)
2025-08-03 20:13:46.717585,(15-20)
2025-08-03 20:13:46.769385,(15-20)
2025-08-03 20:13:46.802374,(15-20)
2025-08-03 20:13:46.837944,(25-32)
2025-08-03 20:13:46.870867,(25-32)
2025-08-03 20:13:46.904833,(25-32)
2025-08-03 20:13:46.941109,(25-32)
2025-08-03 20:13:46.974604,(25-32)
2025-08-03 20:13:47.020215,(25-32)
2025-08-03 20:13:47.053211,(25-32)
2025-08-03 20:13:47.088210,(25-32)
2025-08-03 20:13:47.122097,(25-32)
2025-08-03 20:13:47.156792,(15-20)
2025-08-03 20:13:47.191493,(15-20)
2025-08-03 20:13:47.229645,(15-20)
2025-08-03 20:13:47.258166,(15-20)
2025-08-03 20:13:47.292053,(15-20)
2025-08-03 20:13:47.326359,(15-20)
2025-08-03 20:13:47.361329,(15-20)
2025-08-03 20:13:47.393509,(15-20)
2025-08-03 20:13:47.427019,(15-20)
2025-08-03 20:13:47.460476,(25-32)
2025-08-03 20:13:47.492435,(15-20)
2025-08-03 20:13:47.528932,(15-20)
2025-08-03 20:13:47.560477,(25-32)
2025-08-03 20:13:47.599549,(25-32)
2025-08-03 20:13:47.638935,(25-32)
2025-08-03 20:13:47.674171,(8-12)
2025-08-03 20:13:47.708603,(25-32)
2025-08-03 20:13:47.742286,(25-32)
2025-08-03 20:13:47.776056,(25-32)
2025-08-03 20:13:47.814077,(25-32)
2025-08-03 20:13:47.846507,(25-32)
2025-08-03 20:13:47.884368,(15-20)
2025-08-03 20:13:47.912402,(25-32)
2025-08-03 20:13:47.946698,(25-32)
2025-08-03 20:13:53.249682,(15-20)
2025-08-03 20:13:53.363832,(15-20)
2025-08-03 20:13:53.400483,(15-20)
2025-08-03 20:13:53.435332,(15-20)
2025-08-03 20:13:53.468871,(15-20)
2025-08-03 20:13:53.522242,(8-12)
2025-08-03 20:13:53.556860,(8-12)
2025-08-03 20:13:53.588958,(15-20)
2025-08-03 20:13:54.297551,(25-32)
2025-08-03 20:13:54.329156,(25-32)
2025-08-03 20:13:54.364619,(25-32)
2025-08-03 20:13:54.387383,(25-32)
2025-08-03 20:13:54.423274,(25-32)
2025-08-03 20:13:54.455156,(25-32)
2025-08-03 20:13:54.490335,(25-32)
2025-08-03 20:13:54.527650,(25-32)
2025-08-03 20:13:54.557629,(25-32)
2025-08-03 20:13:54.594352,(25-32)
2025-08-03 20:13:54.632240,(25-32)
2025-08-03 20:13:54.662501,(25-32)
2025-08-03 20:13:54.701566,(15-20)
2025-08-03 20:13:54.735825,(15-20)
2025-08-03 20:13:54.854616,(25-32)
2025-08-03 20:13:54.898315,(25-32)
2025-08-03 20:13:54.930151,(25-32)
2025-08-03 20:13:54.965070,(25-32)
2025-08-03 20:13:55.002112,(25-32)
2025-08-03 20:13:55.034609,(25-32)
2025-08-03 20:13:55.057273,(25-32)
2025-08-03 20:13:55.092723,(25-32)
2025-08-03 20:13:55.124065,(25-32)
2025-08-03 20:13:55.149001,(15-20)
2025-08-03 20:13:55.196476,(8-12)
2025-08-03 20:13:55.230108,(8-12)
2025-08-03 20:13:55.263495,(15-20)
2025-08-03 20:13:55.299311,(25-32)
2025-08-03 20:13:55.335789,(25-32)
2025-08-03 20:13:55.370526,(15-20)
2025-08-03 20:13:55.402495,(15-20)
2025-08-03 20:13:55.436507,(15-20)
2025-08-03 20:13:55.471681,(15-20)
2025-08-03 20:13:55.513690,(15-20)
2025-08-03 20:13:55.534638,(15-20)
2025-08-03 20:13:55.564502,(15-20)
2025-08-03 20:13:55.603064,(15-20)
2025-08-03 20:13:55.637388,(15-20)
2025-08-03 20:13:55.671270,(15-20)
2025-08-03 20:13:55.708691,(15-20)
2025-08-03 20:13:55.739866,(15-20)
2025-08-03 20:13:55.773728,(15-20)
2025-08-03 20:13:55.803968,(15-20)
2025-08-03 20:13:55.841019,(15-20)
2025-08-03 20:13:55.878063,(15-20)
2025-08-03 20:13:55.913989,(15-20)
2025-08-03 20:13:55.935246,(15-20)
2025-08-03 20:13:55.968262,(15-20)
2025-08-03 20:13:55.998123,(15-20)
2025-08-03 20:13:56.037572,(15-20)
2025-08-03 20:13:56.070615,(15-20)
2025-08-03 20:13:56.725340,(15-20)
2025-08-03 20:13:56.774448,(15-20)
2025-08-03 20:13:56.810528,(15-20)
2025-08-03 20:13:56.844187,(15-20)
2025-08-03 20:13:56.871036,(15-20)
2025-08-03 20:13:56.879625,(25-32)
2025-08-03 20:13:56.925504,(25-32)
2025-08-03 20:13:56.959214,(25-32)
2025-08-03 20:13:56.994574,(25-32)
2025-08-03 20:13:57.006064,(15-20)
2025-08-03 20:13:57.028172,(25-32)
2025-08-03 20:13:57.037421,(15-20)
2025-08-03 20:13:57.063101,(25-32)
2025-08-03 20:13:57.095727,(25-32)
2025-08-03 20:13:57.106077,(15-20)
2025-08-03 20:13:57.129503,(25-32)
2025-08-03 20:13:57.137838,(15-20)
2025-08-03 20:13:57.165328,(25-32)
2025-08-03 20:13:57.199886,(25-32)
2025-08-03 20:13:57.233984,(25-32)
2025-08-03 20:13:57.268286,(25-32)
2025-08-03 20:13:57.342297,(25-32)
2025-08-03 20:13:57.373197,(25-32)
2025-08-03 20:13:57.409479,(25-32)
2025-08-03 20:13:57.442989,(25-32)
2025-08-03 20:13:57.524419,(15-20)
2025-08-03 20:13:57.562745,(15-20)
2025-08-03 20:13:57.599365,(15-20)
2025-08-03 20:13:57.635125,(8-12)
2025-08-03 20:13:57.678497,(8-12)
2025-08-03 20:13:57.712322,(8-12)
2025-08-03 20:13:57.748902,(8-12)
2025-08-03 20:13:57.774430,(15-20)
2025-08-03 20:13:57.810279,(15-20)
2025-08-03 20:13:57.847641,(15-20)
2025-08-03 20:13:57.881993,(15-20)
2025-08-03 20:13:57.914000,(15-20)
2025-08-03 20:13:57.949753,(15-20)
2025-08-03 20:13:57.983348,(8-12)
2025-08-03 20:13:58.018569,(8-12)
2025-08-03 20:13:58.052512,(8-12)
2025-08-03 20:13:58.125098,(15-20)
2025-08-03 20:13:58.173320,(15-20)
2025-08-03 20:13:58.208198,(15-20)
2025-08-03 20:13:58.240730,(8-12)
2025-08-03 20:13:58.274473,(8-12)
2025-08-03 20:13:58.307629,(8-12)
2025-08-03 20:13:58.344935,(15-20)
2025-08-03 20:13:58.380866,(8-12)
2025-08-03 20:13:58.415154,(8-12)
2025-08-03 20:13:58.471342,(15-20)
2025-08-03 20:13:58.504132,(15-20)
2025-08-03 20:13:58.539998,(15-20)
2025-08-03 20:13:58.573371,(15-20)
2025-08-03 20:13:58.609399,(15-20)
2025-08-03 20:13:58.647517,(15-20)
2025-08-03 20:13:58.699559,(15-20)
2025-08-03 20:13:58.723747,(15-20)
2025-08-03 20:13:58.761790,(15-20)
2025-08-03 20:13:58.798099,(15-20)
2025-08-03 20:13:58.829985,(15-20)
2025-08-03 20:13:58.864205,(15-20)
2025-08-03 20:13:58.900214,(15-20)
2025-08-03 20:13:58.933952,(15-20)
2025-08-03 20:13:58.964579,(15-20)
2025-08-03 20:13:58.999820,(15-20)
2025-08-03 20:13:59.036189,(15-20)
2025-08-03 20:13:59.070068,(15-20)
2025-08-03 20:14:01.080800,(8-12)
2025-08-03 20:14:01.128215,(15-20)
2025-08-03 20:14:01.162577,(15-20)
2025-08-03 20:14:01.196470,(15-20)
2025-08-03 20:14:01.395857,(15-20)
2025-08-03 20:14:01.444491,(15-20)
2025-08-03 20:14:01.477276,(15-20)
2025-08-03 20:14:01.602896,(25-32)
2025-08-03 20:14:01.633455,(25-32)
2025-08-03 20:14:01.690684,(25-32)
2025-08-03 20:14:01.746770,(25-32)
2025-08-03 20:14:01.774438,(25-32)
2025-08-03 20:14:02.455080,(15-20)
2025-08-03 20:14:02.500423,(15-20)
2025-08-03 20:14:02.706081,(15-20)
2025-08-03 20:14:02.742475,(15-20)
2025-08-03 20:14:03.202851,(15-20)
2025-08-03 20:14:03.242600,(15-20)
2025-08-03 20:14:04.119739,(8-12)
2025-08-03 20:14:04.165294,(8-12)
2025-08-03 20:14:04.196911,(15-20)
2025-08-03 20:14:04.227776,(15-20)
2025-08-03 20:14:04.261039,(15-20)
2025-08-03 20:14:04.407104,(15-20)
2025-08-03 20:14:04.438615,(15-20)
2025-08-03 20:14:04.470493,(15-20)
2025-08-03 20:14:04.504968,(15-20)
2025-08-03 20:14:04.536412,(15-20)
2025-08-03 20:14:04.572306,(15-20)
2025-08-03 20:14:04.599388,(15-20)
2025-08-03 20:14:04.635247,(15-20)
2025-08-03 20:14:04.668736,(15-20)
2025-08-03 20:14:04.705405,(15-20)
2025-08-03 20:14:04.738532,(15-20)
2025-08-03 20:14:04.772189,(15-20)
2025-08-03 20:14:04.847719,(15-20)
2025-08-03 20:14:04.902189,(15-20)
2025-08-03 20:14:04.936749,(15-20)
2025-08-03 20:14:04.970468,(15-20)
2025-08-03 20:14:05.003577,(15-20)
2025-08-03 20:14:05.032995,(15-20)
2025-08-03 20:14:05.067775,(15-20)
2025-08-03 20:14:05.107927,(15-20)
2025-08-03 20:14:05.141056,(15-20)
2025-08-03 20:14:05.177323,(15-20)
2025-08-03 20:14:05.209801,(15-20)
2025-08-03 20:14:05.317163,(15-20)
2025-08-03 20:14:05.348339,(15-20)
2025-08-03 20:14:05.381644,(15-20)
2025-08-03 20:14:05.410638,(15-20)
2025-08-03 20:14:05.448244,(15-20)
2025-08-03 20:14:05.482649,(15-20)
2025-08-03 20:14:05.520092,(15-20)
2025-08-03 20:14:05.550553,(15-20)
2025-08-03 20:14:05.583815,(15-20)
2025-08-03 20:14:05.611459,(15-20)
2025-08-03 20:14:05.650836,(15-20)
2025-08-03 20:14:05.685304,(15-20)
2025-08-03 20:14:05.719878,(15-20)
2025-08-03 20:14:05.753734,(15-20)
2025-08-03 20:14:05.788475,(15-20)
2025-08-03 20:14:05.817553,(15-20)
2025-08-03 20:14:05.856145,(15-20)
2025-08-03 20:14:05.889355,(15-20)
2025-08-03 20:14:05.923204,(15-20)
2025-08-03 20:14:05.960706,(8-12)
2025-08-03 20:14:05.995121,(8-12)
2025-08-03 20:14:06.016619,(8-12)
2025-08-03 20:14:06.051096,(8-12)
2025-08-03 20:14:06.084768,(8-12)
2025-08-03 20:14:06.120273,(8-12)
2025-08-03 20:14:06.153482,(8-12)
2025-08-03 20:14:06.186697,(15-20)
2025-08-03 20:14:06.216777,(8-12)
2025-08-03 20:14:06.255838,(8-12)
2025-08-03 20:14:06.290121,(8-12)
2025-08-03 20:14:06.320802,(8-12)
2025-08-03 20:14:06.358087,(8-12)
2025-08-03 20:14:06.389001,(15-20)
2025-08-03 20:14:06.426735,(15-20)
2025-08-03 20:14:06.458989,(8-12)
2025-08-03 20:14:06.495353,(15-20)
2025-08-03 20:14:06.530595,(8-12)
2025-08-03 20:14:06.561307,(8-12)
2025-08-03 20:14:06.598613,(15-20)
2025-08-03 20:14:06.634209,(15-20)
2025-08-03 20:14:06.662165,(15-20)
2025-08-03 20:14:06.702749,(15-20)
2025-08-03 20:14:06.737870,(15-20)
2025-08-03 20:14:06.766159,(15-20)
2025-08-03 20:14:06.802877,(15-20)
2025-08-03 20:14:06.837612,(15-20)
2025-08-03 20:14:06.876570,(15-20)
2025-08-03 20:14:06.910234,(15-20)
2025-08-03 20:14:06.944166,(15-20)
2025-08-03 20:14:06.978178,(15-20)
2025-08-03 20:14:07.013037,(15-20)
2025-08-03 20:14:07.046564,(15-20)
2025-08-03 20:14:07.079951,(15-20)
2025-08-03 20:14:07.113497,(15-20)
2025-08-03 20:14:07.147946,(15-20)
2025-08-03 20:14:07.181884,(15-20)
2025-08-03 20:14:07.215365,(15-20)
2025-08-03 20:14:07.249877,(15-20)
2025-08-03 20:14:07.283922,(15-20)
2025-08-03 20:14:07.317455,(15-20)
2025-08-03 20:14:07.351970,(15-20)
2025-08-03 20:14:07.386269,(15-20)
2025-08-03 20:14:07.421184,(15-20)
2025-08-03 20:14:07.454645,(15-20)
2025-08-03 20:14:07.488863,(15-20)
2025-08-03 20:14:07.522669,(15-20)
2025-08-03 20:14:07.557252,(15-20)
2025-08-03 20:14:07.591303,(15-20)
2025-08-03 20:14:07.626158,(15-20)
2025-08-03 20:14:07.660163,(15-20)
2025-08-03 20:14:07.694468,(15-20)
2025-08-03 20:14:07.729321,(15-20)
2025-08-03 20:14:07.763601,(15-20)
2025-08-03 20:14:07.796940,(15-20)
2025-08-03 20:14:07.830472,(15-20)
2025-08-03 20:14:07.864204,(15-20)
2025-08-03 20:14:07.900111,(15-20)
2025-08-03 20:14:07.935103,(15-20)
2025-08-03 20:14:07.967635,(15-20)
2025-08-03 20:14:08.001973,(15-20)
2025-08-03 20:14:08.035977,(15-20)
2025-08-03 20:14:08.073525,(15-20)
2025-08-03 20:14:08.104523,(15-20)
2025-08-03 20:14:08.140681,(15-20)
2025-08-03 20:14:08.173491,(15-20)
2025-08-03 20:14:08.209726,(15-20)
2025-08-03 20:14:08.245690,(15-20)
2025-08-03 20:14:08.276447,(15-20)
2025-08-03 20:14:08.313345,(15-20)
2025-08-03 20:14:08.346591,(15-20)
2025-08-03 20:14:08.380804,(15-20)
2025-08-03 20:14:08.416740,(15-20)
2025-08-03 20:14:08.448756,(15-20)
2025-08-03 20:14:08.483245,(15-20)
2025-08-03 20:14:08.517234,(15-20)
2025-08-03 20:14:08.552086,(15-20)
2025-08-03 20:14:08.586376,(15-20)
2025-08-03 20:14:08.620547,(15-20)
2025-08-03 20:14:08.654579,(15-20)
2025-08-03 20:14:08.688539,(15-20)
2025-08-03 20:14:08.722064,(15-20)
2025-08-03 20:14:08.755777,(15-20)
2025-08-03 20:14:08.790020,(15-20)
2025-08-03 20:14:08.824337,(15-20)
2025-08-03 20:14:08.858651,(15-20)
2025-08-03 20:14:08.893194,(15-20)
2025-08-03 20:14:08.929416,(15-20)
2025-08-03 20:14:08.962987,(15-20)
2025-08-03 20:14:08.996710,(15-20)
2025-08-03 20:14:09.030392,(15-20)
2025-08-03 20:14:09.064401,(15-20)
2025-08-03 20:14:09.100732,(15-20)
2025-08-03 20:14:09.132415,(15-20)
2025-08-03 20:14:09.166852,(15-20)
2025-08-03 20:14:09.202810,(15-20)
2025-08-03 20:14:09.246190,(15-20)
2025-08-03 20:14:09.314300,(15-20)
2025-08-03 20:14:09.346147,(15-20)
2025-08-03 20:14:09.379384,(15-20)
2025-08-03 20:14:09.415380,(15-20)
2025-08-03 20:14:09.446064,(15-20)
2025-08-03 20:14:09.479606,(15-20)
2025-08-03 20:14:09.516433,(15-20)
2025-08-03 20:14:09.552672,(15-20)
2025-08-03 20:14:09.603301,(15-20)
2025-08-03 20:14:09.635275,(15-20)
2025-08-03 20:14:09.670196,(15-20)
2025-08-03 20:14:09.705014,(15-20)
2025-08-03 20:14:09.739076,(15-20)
2025-08-03 20:14:09.773699,(15-20)
2025-08-03 20:14:09.807185,(15-20)
2025-08-03 20:14:09.840982,(15-20)
2025-08-03 20:14:09.875456,(15-20)
2025-08-03 20:14:09.910237,(15-20)
2025-08-03 20:14:09.946594,(15-20)
2025-08-03 20:14:09.979347,(15-20)
2025-08-03 20:14:10.002782,(15-20)
2025-08-03 20:14:10.040059,(15-20)
2025-08-03 20:14:10.073482,(15-20)
2025-08-03 20:14:10.108602,(15-20)
2025-08-03 20:14:10.142146,(15-20)
2025-08-03 20:14:10.189193,(15-20)
2025-08-03 20:14:10.223582,(15-20)
2025-08-03 20:14:10.257821,(15-20)
2025-08-03 20:14:10.293461,(15-20)
2025-08-03 20:14:10.324681,(15-20)
2025-08-03 20:14:10.381443,(15-20)
2025-08-03 20:14:10.415263,(15-20)
2025-08-03 20:14:10.449781,(15-20)
2025-08-03 20:14:10.510641,(15-20)
2025-08-03 20:14:10.545450,(15-20)
2025-08-03 20:14:10.577021,(15-20)
2025-08-03 20:14:10.611822,(15-20)
2025-08-03 20:14:10.651275,(15-20)
2025-08-03 20:14:10.685065,(15-20)
2025-08-03 20:14:10.720596,(15-20)
2025-08-03 20:14:10.754642,(15-20)
2025-08-03 20:14:10.789908,(15-20)
2025-08-03 20:14:10.826035,(15-20)
2025-08-03 20:14:10.857996,(15-20)
2025-08-03 20:14:10.892584,(15-20)
2025-08-03 20:14:10.927783,(15-20)
2025-08-03 20:14:10.964269,(15-20)
2025-08-03 20:14:10.988261,(15-20)
2025-08-03 20:14:11.024503,(15-20)
2025-08-03 20:14:11.056778,(15-20)
2025-08-03 20:14:11.091461,(15-20)
2025-08-03 20:14:11.124958,(15-20)
2025-08-03 20:14:11.159849,(15-20)
2025-08-03 20:14:11.194644,(15-20)
2025-08-03 20:14:11.229144,(25-32)
2025-08-03 20:14:11.263932,(25-32)
2025-08-03 20:14:11.297753,(15-20)
2025-08-03 20:14:11.332908,(15-20)
2025-08-03 20:14:11.367856,(15-20)
2025-08-03 20:14:11.401921,(15-20)
2025-08-03 20:14:11.438036,(15-20)
2025-08-03 20:14:11.469682,(15-20)
2025-08-03 20:14:11.503874,(15-20)
2025-08-03 20:14:11.537475,(15-20)
2025-08-03 20:14:11.570810,(15-20)
2025-08-03 20:14:11.604884,(15-20)
2025-08-03 20:14:11.639894,(25-32)
2025-08-03 20:14:11.673209,(25-32)
2025-08-03 20:14:11.707453,(15-20)
2025-08-03 20:14:11.744187,(15-20)
2025-08-03 20:14:11.777181,(15-20)
2025-08-03 20:14:11.811127,(15-20)
2025-08-03 20:14:11.845855,(15-20)
2025-08-03 20:14:11.881595,(15-20)
2025-08-03 20:14:11.913968,(15-20)
2025-08-03 20:14:11.950136,(15-20)
2025-08-03 20:14:11.980704,(15-20)
2025-08-03 20:14:12.016981,(15-20)
2025-08-03 20:14:12.047959,(15-20)
2025-08-03 20:14:12.084568,(15-20)
2025-08-03 20:14:12.115535,(15-20)
2025-08-03 20:14:12.149528,(15-20)
2025-08-03 20:14:12.185638,(15-20)
2025-08-03 20:14:12.221089,(15-20)
2025-08-03 20:14:12.249724,(15-20)
2025-08-03 20:14:12.286544,(15-20)
2025-08-03 20:14:12.337630,(15-20)
2025-08-03 20:14:12.367657,(15-20)
2025-08-03 20:14:12.401513,(15-20)
2025-08-03 20:14:12.464011,(15-20)
2025-08-03 20:14:12.526891,(15-20)
2025-08-03 20:14:12.559365,(15-20)
2025-08-03 20:14:12.591496,(15-20)
2025-08-03 20:14:12.628231,(15-20)
2025-08-03 20:14:12.658884,(15-20)
2025-08-03 20:14:12.692639,(15-20)
2025-08-03 20:14:12.726662,(15-20)
2025-08-03 20:14:12.762529,(15-20)
2025-08-03 20:14:12.795212,(15-20)
2025-08-03 20:14:12.829809,(15-20)
2025-08-03 20:14:12.864026,(15-20)
2025-08-03 20:14:12.902004,(15-20)
2025-08-03 20:14:12.932446,(15-20)
2025-08-03 20:14:12.969106,(15-20)
2025-08-03 20:14:13.000424,(15-20)
2025-08-03 20:14:13.035426,(15-20)
2025-08-03 20:14:13.071347,(15-20)
2025-08-03 20:14:13.103196,(15-20)
2025-08-03 20:14:13.136607,(15-20)
2025-08-03 20:14:13.170545,(15-20)
2025-08-03 20:14:13.204053,(15-20)
2025-08-03 20:14:13.238561,(15-20)
2025-08-03 20:14:13.272645,(15-20)
2025-08-03 20:14:13.308259,(15-20)
2025-08-03 20:14:13.341940,(15-20)
2025-08-03 20:14:13.375727,(15-20)
2025-08-03 20:14:13.409849,(15-20)
2025-08-03 20:14:13.443979,(15-20)
2025-08-03 20:14:13.479783,(15-20)
2025-08-03 20:14:13.512762,(15-20)
2025-08-03 20:14:13.546763,(15-20)
2025-08-03 20:14:13.581351,(15-20)
2025-08-03 20:14:13.615458,(15-20)
2025-08-03 20:14:13.648292,(15-20)
2025-08-03 20:14:13.684961,(15-20)
2025-08-03 20:14:13.735199,(15-20)
2025-08-03 20:14:13.794702,(15-20)
2025-08-03 20:14:13.826489,(15-20)
2025-08-03 20:14:13.863067,(15-20)
2025-08-03 20:14:13.895727,(15-20)
2025-08-03 20:14:13.930444,(15-20)
2025-08-03 20:14:13.963403,(15-20)
2025-08-03 20:14:13.996944,(15-20)
2025-08-03 20:14:14.033077,(15-20)
2025-08-03 20:14:14.064421,(15-20)
2025-08-03 20:14:14.098651,(15-20)
2025-08-03 20:14:14.132383,(15-20)
2025-08-03 20:14:14.168599,(15-20)
2025-08-03 20:14:14.202316,(15-20)
2025-08-03 20:14:14.234095,(15-20)
2025-08-03 20:14:14.269393,(15-20)
2025-08-03 20:14:14.302038,(15-20)
2025-08-03 20:14:14.336315,(15-20)
2025-08-03 20:14:14.370741,(15-20)
2025-08-03 20:14:14.403282,(15-20)
2025-08-03 20:14:14.437142,(15-20)
2025-08-03 20:14:14.471344,(15-20)
2025-08-03 20:14:14.504478,(15-20)
2025-08-03 20:14:14.538287,(15-20)
2025-08-03 20:14:14.574107,(15-20)
2025-08-03 20:14:14.605746,(15-20)
2025-08-03 20:14:14.640784,(15-20)
2025-08-03 20:14:14.675095,(15-20)
2025-08-03 20:14:14.708259,(15-20)
2025-08-03 20:14:14.742393,(15-20)
2025-08-03 20:14:14.779435,(15-20)
2025-08-03 20:14:14.811376,(15-20)
2025-08-03 20:14:14.847452,(15-20)
2025-08-03 20:14:14.881853,(15-20)
2025-08-03 20:14:14.915447,(15-20)
2025-08-03 20:14:14.948866,(15-20)
2025-08-03 20:14:14.981212,(15-20)
2025-08-03 20:14:15.014532,(15-20)
2025-08-03 20:14:15.068693,(15-20)
2025-08-03 20:14:15.102307,(15-20)
2025-08-03 20:14:15.133718,(15-20)
2025-08-03 20:14:15.168863,(15-20)
2025-08-03 20:14:15.200906,(15-20)
2025-08-03 20:14:15.235827,(15-20)
2025-08-03 20:14:15.270410,(15-20)
2025-08-03 20:14:15.304425,(15-20)
2025-08-03 20:14:15.338395,(15-20)
2025-08-03 20:14:15.372671,(15-20)
2025-08-03 20:14:15.407710,(15-20)
2025-08-03 20:14:15.441778,(15-20)
2025-08-03 20:14:15.474910,(15-20)
2025-08-03 20:14:15.508599,(15-20)
2025-08-03 20:14:15.543854,(15-20)
2025-08-03 20:14:15.577573,(15-20)
2025-08-03 20:14:15.612150,(15-20)
2025-08-03 20:14:15.646240,(15-20)
2025-08-03 20:14:15.679841,(15-20)
2025-08-03 20:14:15.713465,(15-20)
2025-08-03 20:14:15.748610,(15-20)
2025-08-03 20:14:15.781928,(15-20)
2025-08-03 20:14:15.817638,(15-20)
2025-08-03 20:14:15.848665,(15-20)
2025-08-03 20:14:15.886915,(15-20)
2025-08-03 20:14:15.917706,(15-20)
2025-08-03 20:14:15.952325,(15-20)
2025-08-03 20:14:15.986762,(15-20)
2025-08-03 20:14:16.020873,(15-20)
2025-08-03 20:14:16.055329,(15-20)
2025-08-03 20:14:16.091469,(15-20)
2025-08-03 20:14:16.124333,(15-20)
2025-08-03 20:14:16.161951,(15-20)
2025-08-03 20:14:16.193451,(15-20)
2025-08-03 20:14:16.230013,(15-20)
2025-08-03 20:14:16.263324,(15-20)
2025-08-03 20:14:16.297804,(15-20)
2025-08-03 20:14:16.329976,(15-20)
2025-08-03 20:14:16.366178,(15-20)
2025-08-03 20:14:16.419065,(15-20)
2025-08-03 20:14:16.448530,(15-20)
2025-08-03 20:14:16.482115,(15-20)
2025-08-03 20:14:16.524419,(15-20)
2025-08-03 20:14:16.558771,(15-20)
2025-08-03 20:14:17.545773,(15-20)
2025-08-03 20:14:17.575146,(15-20)
2025-08-03 20:14:17.639722,(15-20)
2025-08-03 20:14:17.674733,(15-20)
2025-08-03 20:14:17.703102,(15-20)
2025-08-03 20:14:17.746414,(15-20)
2025-08-03 20:14:17.800878,(15-20)
2025-08-03 20:14:17.824878,(15-20)
2025-08-03 20:14:17.858974,(15-20)
2025-08-03 20:14:17.894607,(15-20)
2025-08-03 20:14:17.927469,(15-20)
2025-08-03 20:14:17.963797,(15-20)
2025-08-03 20:14:17.997614,(15-20)
2025-08-03 20:14:18.017715,(15-20)
2025-08-03 20:14:18.052888,(15-20)
2025-08-03 20:14:18.086681,(15-20)
2025-08-03 20:14:18.120436,(15-20)
2025-08-03 20:14:18.155416,(15-20)
2025-08-03 20:14:18.187047,(15-20)
2025-08-03 20:14:18.220608,(15-20)
2025-08-03 20:14:18.254413,(15-20)
2025-08-03 20:14:18.287265,(15-20)
2025-08-03 20:14:18.321584,(15-20)
2025-08-03 20:14:18.354491,(15-20)
2025-08-03 20:14:18.390065,(15-20)
2025-08-03 20:14:18.427419,(15-20)
2025-08-03 20:14:18.458948,(15-20)
2025-08-03 20:14:18.492223,(15-20)
2025-08-03 20:14:18.523385,(15-20)
2025-08-03 20:14:18.563792,(15-20)
2025-08-03 20:14:18.595917,(15-20)
2025-08-03 20:14:18.631067,(15-20)
2025-08-03 20:14:18.663313,(15-20)
2025-08-03 20:14:18.695988,(15-20)
2025-08-03 20:14:18.734058,(15-20)
2025-08-03 20:14:18.768906,(15-20)
2025-08-03 20:14:18.802185,(15-20)
2025-08-03 20:14:18.835981,(15-20)
2025-08-03 20:14:18.869748,(15-20)
2025-08-03 20:14:18.902170,(15-20)
2025-08-03 20:14:18.937765,(15-20)
2025-08-03 20:14:18.970403,(15-20)
2025-08-03 20:14:19.007748,(15-20)
2025-08-03 20:14:23.475117,(25-32)
2025-08-03 20:14:23.511506,(25-32)
2025-08-03 20:14:23.624403,(15-20)
2025-08-03 20:14:23.670800,(15-20)
2025-08-03 20:14:23.782130,(15-20)
2025-08-03 20:14:23.816966,(15-20)
2025-08-03 20:14:23.842078,(25-32)
2025-08-03 20:14:23.870730,(15-20)
2025-08-03 20:14:23.907607,(15-20)
2025-08-03 20:14:23.945748,(15-20)
2025-08-03 20:14:24.486855,(15-20)
2025-08-03 20:14:24.522938,(15-20)
2025-08-03 20:14:24.555845,(15-20)
2025-08-03 20:14:24.604186,(15-20)
2025-08-03 20:14:24.627228,(15-20)
2025-08-03 20:14:24.682752,(25-32)
2025-08-03 20:14:24.713167,(25-32)
2025-08-03 20:14:24.749034,(15-20)
2025-08-03 20:14:24.783310,(15-20)
2025-08-03 20:14:24.816750,(15-20)
2025-08-03 20:14:24.853678,(15-20)
2025-08-03 20:14:24.885370,(15-20)
2025-08-03 20:14:24.918957,(15-20)
2025-08-03 20:14:24.953310,(15-20)
2025-08-03 20:14:24.987969,(15-20)
2025-08-03 20:14:25.021695,(15-20)
2025-08-03 20:14:25.056625,(15-20)
2025-08-03 20:14:25.090786,(25-32)
2025-08-03 20:14:25.121915,(25-32)
2025-08-03 20:14:25.152981,(25-32)
2025-08-03 20:14:25.194180,(15-20)
2025-08-03 20:14:25.228866,(15-20)
2025-08-03 20:14:25.260439,(15-20)
2025-08-03 20:14:25.295144,(15-20)
2025-08-03 20:14:25.346345,(15-20)
2025-08-03 20:14:25.380662,(15-20)
2025-08-03 20:14:25.415273,(15-20)
2025-08-03 20:14:25.450998,(15-20)
2025-08-03 20:14:25.484234,(15-20)
2025-08-03 20:14:25.518194,(15-20)
2025-08-03 20:14:25.551747,(15-20)
2025-08-03 20:14:25.586107,(15-20)
2025-08-03 20:14:25.619550,(15-20)
2025-08-03 20:14:25.655968,(15-20)
2025-08-03 20:14:25.682628,(15-20)
2025-08-03 20:14:25.723089,(15-20)
2025-08-03 20:14:25.756407,(15-20)
2025-08-03 20:14:25.790377,(15-20)
2025-08-03 20:14:25.824389,(15-20)
2025-08-03 20:14:25.859811,(15-20)
2025-08-03 20:14:25.894294,(15-20)
2025-08-03 20:14:25.928477,(15-20)
2025-08-03 20:14:25.961794,(15-20)
2025-08-03 20:14:25.997708,(15-20)
2025-08-03 20:14:26.030730,(15-20)
2025-08-03 20:14:26.078776,(15-20)
2025-08-03 20:14:26.129291,(15-20)
2025-08-03 20:14:26.175406,(15-20)
2025-08-03 20:14:26.210428,(15-20)
2025-08-03 20:14:26.241591,(15-20)
2025-08-03 20:14:26.284594,(25-32)
2025-08-03 20:14:26.317582,(25-32)
2025-08-03 20:14:26.353708,(15-20)
2025-08-03 20:14:26.386354,(15-20)
2025-08-03 20:14:26.420723,(15-20)
2025-08-03 20:14:26.455193,(15-20)
2025-08-03 20:14:26.489543,(15-20)
2025-08-03 20:14:26.524319,(15-20)
2025-08-03 20:14:26.558730,(15-20)
2025-08-03 20:14:26.592908,(15-20)
2025-08-03 20:14:26.622816,(15-20)
2025-08-03 20:14:26.662685,(15-20)
2025-08-03 20:14:26.692484,(15-20)
2025-08-03 20:14:26.729926,(15-20)
2025-08-03 20:14:26.763044,(15-20)
2025-08-03 20:14:26.795288,(15-20)
2025-08-03 20:14:26.830117,(15-20)
2025-08-03 20:14:26.865719,(15-20)
2025-08-03 20:14:26.900495,(15-20)
2025-08-03 20:14:26.934292,(15-20)
2025-08-03 20:14:26.968500,(15-20)
2025-08-03 20:14:26.991821,(15-20)
2025-08-03 20:14:27.025028,(15-20)
2025-08-03 20:14:27.059106,(15-20)
2025-08-03 20:14:27.094772,(15-20)
2025-08-03 20:14:27.129167,(15-20)
2025-08-03 20:14:27.163233,(15-20)
2025-08-03 20:14:27.196288,(15-20)
2025-08-03 20:14:27.230213,(15-20)
2025-08-03 20:14:27.262906,(15-20)
2025-08-03 20:14:27.298347,(15-20)
2025-08-03 20:14:27.332676,(15-20)
2025-08-03 20:14:27.364172,(15-20)
2025-08-03 20:14:27.399386,(15-20)
2025-08-03 20:14:27.432193,(15-20)
2025-08-03 20:14:27.465269,(15-20)
2025-08-03 20:14:27.499328,(15-20)
2025-08-03 20:14:27.532664,(15-20)
2025-08-03 20:14:27.567139,(15-20)
2025-08-03 20:14:27.600875,(15-20)
2025-08-03 20:14:27.635081,(15-20)
2025-08-03 20:14:27.670355,(15-20)
2025-08-03 20:14:27.699715,(15-20)
2025-08-03 20:14:27.734097,(15-20)
2025-08-03 20:14:27.770742,(15-20)
2025-08-03 20:14:27.808639,(15-20)
2025-08-03 20:14:27.842564,(15-20)
2025-08-03 20:14:27.876629,(15-20)
2025-08-03 20:14:27.910051,(15-20)
2025-08-03 20:14:27.941645,(15-20)
2025-08-03 20:14:27.978492,(15-20)
2025-08-03 20:14:28.013538,(15-20)
2025-08-03 20:14:28.047897,(25-32)
2025-08-03 20:14:28.082317,(15-20)
2025-08-03 20:14:28.116619,(15-20)
2025-08-03 20:14:28.150917,(15-20)
2025-08-03 20:14:28.185846,(15-20)
2025-08-03 20:14:28.219771,(15-20)
2025-08-03 20:14:28.255754,(15-20)
2025-08-03 20:14:28.284949,(15-20)
2025-08-03 20:14:28.317595,(15-20)
2025-08-03 20:14:28.356377,(15-20)
2025-08-03 20:14:28.386547,(25-32)
2025-08-03 20:14:28.421473,(25-32)
2025-08-03 20:14:28.456697,(15-20)
2025-08-03 20:14:28.489087,(15-20)
2025-08-03 20:14:28.525401,(15-20)
2025-08-03 20:14:28.561286,(15-20)
2025-08-03 20:14:28.594016,(15-20)
2025-08-03 20:14:28.627801,(15-20)
2025-08-03 20:14:28.650283,(15-20)
2025-08-03 20:14:28.686181,(15-20)
2025-08-03 20:14:28.716995,(15-20)
2025-08-03 20:14:28.751182,(15-20)
2025-08-03 20:14:28.784862,(15-20)
2025-08-03 20:14:28.818746,(15-20)
2025-08-03 20:14:28.852128,(15-20)
2025-08-03 20:14:28.886803,(15-20)
2025-08-03 20:14:28.917075,(15-20)
2025-08-03 20:14:28.955968,(15-20)
2025-08-03 20:14:28.990922,(15-20)
2025-08-03 20:14:29.025639,(15-20)
2025-08-03 20:14:29.073707,(15-20)
2025-08-03 20:14:29.111684,(15-20)
2025-08-03 20:14:29.147886,(15-20)
2025-08-03 20:14:29.180759,(15-20)
2025-08-03 20:14:29.215436,(15-20)
2025-08-03 20:14:29.249096,(15-20)
2025-08-03 20:14:29.283490,(15-20)
2025-08-03 20:14:29.317472,(15-20)
2025-08-03 20:14:29.351381,(15-20)
2025-08-03 20:14:29.386044,(15-20)
2025-08-03 20:14:29.419377,(15-20)
2025-08-03 20:14:29.452621,(15-20)
2025-08-03 20:14:29.485669,(15-20)
2025-08-03 20:14:29.519819,(15-20)
2025-08-03 20:14:29.552384,(15-20)
2025-08-03 20:14:29.588221,(15-20)
2025-08-03 20:14:29.621517,(15-20)
2025-08-03 20:14:29.676755,(15-20)
2025-08-03 20:14:29.725373,(15-20)
2025-08-03 20:14:29.759055,(15-20)
2025-08-03 20:14:29.793111,(15-20)
2025-08-03 20:14:29.827122,(25-32)
2025-08-03 20:14:29.856099,(15-20)
2025-08-03 20:14:29.894091,(15-20)
2025-08-03 20:14:29.927255,(15-20)
2025-08-03 20:14:29.957036,(15-20)
2025-08-03 20:14:29.996338,(15-20)
2025-08-03 20:14:30.049423,(15-20)
2025-08-03 20:14:30.079411,(25-32)
2025-08-03 20:14:30.110350,(15-20)
2025-08-03 20:14:30.140613,(15-20)
2025-08-03 20:14:30.174407,(15-20)
2025-08-03 20:14:30.212800,(15-20)
2025-08-03 20:14:30.262147,(15-20)
2025-08-03 20:14:30.282002,(15-20)
2025-08-03 20:14:30.331576,(15-20)
2025-08-03 20:14:30.368174,(15-20)
2025-08-03 20:14:30.402290,(15-20)
2025-08-03 20:14:30.437294,(25-32)
2025-08-03 20:14:30.471967,(25-32)
2025-08-03 20:14:30.526136,(15-20)
2025-08-03 20:14:30.555557,(15-20)
2025-08-03 20:14:30.591004,(15-20)
2025-08-03 20:14:30.629553,(15-20)
2025-08-03 20:14:30.663589,(15-20)
2025-08-03 20:14:30.698182,(25-32)
2025-08-03 20:14:30.767554,(25-32)
2025-08-03 20:14:30.957365,(15-20)
2025-08-03 20:14:30.993541,(15-20)
2025-08-03 20:14:31.036945,(15-20)
2025-08-03 20:14:31.071256,(15-20)
2025-08-03 20:14:31.100939,(15-20)
2025-08-03 20:14:31.138573,(15-20)
2025-08-03 20:14:31.230314,(15-20)
2025-08-03 20:14:31.639170,(15-20)
2025-08-03 20:14:31.718673,(15-20)
2025-08-03 20:14:31.743472,(15-20)
2025-08-03 20:14:31.779756,(15-20)
2025-08-03 20:14:31.812327,(15-20)
2025-08-03 20:14:31.836506,(15-20)
2025-08-03 20:14:31.870543,(15-20)
2025-08-03 20:14:31.901548,(25-32)
2025-08-03 20:14:31.950531,(15-20)
2025-08-03 20:14:31.997383,(15-20)
2025-08-03 20:14:32.031461,(15-20)
2025-08-03 20:14:32.060666,(25-32)
2025-08-03 20:14:32.111001,(15-20)
2025-08-03 20:14:32.142651,(15-20)
2025-08-03 20:14:32.179473,(15-20)
2025-08-03 20:14:32.213559,(15-20)
2025-08-03 20:14:32.244968,(15-20)
2025-08-03 20:14:32.278453,(15-20)
2025-08-03 20:14:32.313414,(15-20)
2025-08-03 20:14:32.350532,(15-20)
2025-08-03 20:14:32.384300,(15-20)
2025-08-03 20:14:32.462382,(15-20)
2025-08-03 20:14:32.511199,(15-20)
2025-08-03 20:14:32.544149,(15-20)
2025-08-03 20:14:32.706560,(15-20)
2025-08-03 20:14:32.738102,(15-20)
2025-08-03 20:14:32.773409,(15-20)
2025-08-03 20:14:32.808499,(15-20)
2025-08-03 20:14:32.844174,(15-20)
2025-08-03 20:14:32.880557,(15-20)
2025-08-03 20:14:32.911073,(15-20)
2025-08-03 20:14:32.948506,(15-20)
2025-08-03 20:14:33.006157,(15-20)
2025-08-03 20:14:33.039977,(15-20)
2025-08-03 20:14:33.073820,(15-20)
2025-08-03 20:14:33.117747,(15-20)
2025-08-03 20:14:33.152831,(15-20)
2025-08-03 20:14:33.188345,(15-20)
2025-08-03 20:14:33.220405,(15-20)
2025-08-03 20:14:33.253366,(15-20)
2025-08-03 20:14:33.283892,(15-20)
2025-08-03 20:14:33.323625,(25-32)
2025-08-03 20:14:33.357848,(25-32)
2025-08-03 20:14:33.391730,(25-32)
2025-08-03 20:14:33.428270,(15-20)
2025-08-03 20:14:33.460459,(15-20)
2025-08-03 20:14:33.494740,(15-20)
2025-08-03 20:14:33.530197,(15-20)
2025-08-03 20:14:33.561287,(15-20)
2025-08-03 20:14:33.598136,(15-20)
2025-08-03 20:14:33.633015,(15-20)
2025-08-03 20:14:33.678066,(15-20)
2025-08-03 20:14:33.713891,(15-20)
2025-08-03 20:14:33.741590,(15-20)
2025-08-03 20:14:33.779753,(15-20)
2025-08-03 20:14:33.820725,(15-20)
2025-08-03 20:14:33.855371,(15-20)
2025-08-03 20:14:33.890705,(25-32)
2025-08-03 20:14:33.922730,(25-32)
2025-08-03 20:14:33.955331,(15-20)
2025-08-03 20:14:36.133326,(60-100)
2025-08-03 20:14:36.276157,(25-32)
2025-08-03 20:14:36.314499,(25-32)
2025-08-03 20:14:36.348303,(25-32)
2025-08-03 20:14:36.393939,(25-32)
2025-08-03 20:14:36.415576,(25-32)
2025-08-03 20:14:36.439143,(15-20)
2025-08-03 20:14:36.459797,(15-20)
2025-08-03 20:14:36.495828,(25-32)
2025-08-03 20:14:36.532105,(25-32)
2025-08-03 20:14:36.574704,(25-32)
2025-08-03 20:14:36.605432,(25-32)
2025-08-03 20:14:36.634470,(15-20)
2025-08-03 20:14:36.684239,(25-32)
2025-08-03 20:14:36.711626,(25-32)
2025-08-03 20:14:36.745466,(25-32)
2025-08-03 20:14:36.781014,(25-32)
2025-08-03 20:14:36.806204,(25-32)
2025-08-03 20:14:36.830319,(25-32)
2025-08-03 20:14:36.874985,(25-32)
2025-08-03 20:14:36.899431,(15-20)
2025-08-03 20:14:36.934240,(15-20)
2025-08-03 20:14:37.132792,(25-32)
2025-08-03 20:14:37.163900,(25-32)
2025-08-03 20:14:37.200176,(25-32)
2025-08-03 20:14:37.438041,(60-100)
2025-08-03 20:14:37.467060,(60-100)
2025-08-03 20:14:37.506029,(60-100)
2025-08-03 20:14:37.537095,(60-100)
2025-08-03 20:14:37.574499,(60-100)
2025-08-03 20:14:39.351844,(25-32)
2025-08-03 20:14:39.387220,(25-32)
2025-08-03 20:14:39.418220,(25-32)
2025-08-03 20:14:39.453896,(25-32)
2025-08-03 20:14:39.489735,(25-32)
2025-08-03 20:14:39.560080,(15-20)
2025-08-03 20:14:39.610211,(15-20)
2025-08-03 20:14:39.637047,(15-20)
2025-08-03 20:14:39.670977,(15-20)
2025-08-03 20:14:39.706393,(15-20)
2025-08-03 20:14:39.740124,(15-20)
2025-08-03 20:14:39.774117,(15-20)
2025-08-03 20:14:39.807359,(15-20)
2025-08-03 20:14:39.843052,(25-32)
2025-08-03 20:14:39.876735,(15-20)
2025-08-03 20:14:39.901869,(15-20)
2025-08-03 20:14:39.921959,(15-20)
2025-08-03 20:14:39.950738,(15-20)
2025-08-03 20:14:39.973348,(15-20)
2025-08-03 20:14:39.996097,(15-20)
2025-08-03 20:14:40.017890,(15-20)
2025-08-03 20:14:40.049623,(15-20)
2025-08-03 20:14:40.092864,(15-20)
2025-08-03 20:14:40.143839,(15-20)
2025-08-03 20:14:40.165801,(15-20)
2025-08-03 20:14:40.188861,(15-20)
2025-08-03 20:14:40.253210,(15-20)
2025-08-03 20:14:40.274158,(15-20)
2025-08-03 20:14:40.308222,(25-32)
2025-08-03 20:14:40.339412,(25-32)
2025-08-03 20:14:40.376748,(25-32)
2025-08-03 20:14:40.409742,(15-20)
2025-08-03 20:14:40.444903,(15-20)
2025-08-03 20:14:40.479042,(15-20)
2025-08-03 20:14:40.499456,(25-32)
2025-08-03 20:14:40.542637,(15-20)
2025-08-03 20:14:40.574798,(15-20)
2025-08-03 20:14:40.702904,(25-32)
2025-08-03 20:14:40.736283,(25-32)
